store_id,week,post,treated,store_size,urban,weekly_sales
0,0,0,0,1076.1792699386078,0,6758.91
0,1,0,0,1076.1792699386078,0,6988.67
0,2,0,0,1076.1792699386078,0,6857.43
0,3,0,0,1076.1792699386078,0,7290.47
0,4,0,0,1076.1792699386078,0,7612.71
0,5,0,0,1076.1792699386078,0,6954.45
0,6,1,0,1076.1792699386078,0,7069.06
0,7,1,0,1076.1792699386078,0,7345.1
0,8,1,0,1076.1792699386078,0,7687.75
0,9,1,0,1076.1792699386078,0,7104.38
0,10,1,0,1076.1792699386078,0,7468.09
0,11,1,0,1076.1792699386078,0,7853.99
1,0,0,1,740.0039734398761,0,5708.62
1,1,0,1,740.0039734398761,0,5830.18
1,2,0,1,740.0039734398761,0,6058.82
1,3,0,1,740.0039734398761,0,6077.48
1,4,0,1,740.0039734398761,0,6410.78
1,5,0,1,740.0039734398761,0,6325.18
1,6,1,1,740.0039734398761,0,6771.52
1,7,1,1,740.0039734398761,0,7315.4
1,8,1,1,740.0039734398761,0,7114.95
1,9,1,1,740.0039734398761,0,7562.39
1,10,1,1,740.0039734398761,0,7183.94
1,11,1,1,740.0039734398761,0,7221.96
2,0,0,1,1187.6127989516144,0,7444.36
2,1,0,1,1187.6127989516144,0,7533.16
2,2,0,1,1187.6127989516144,0,7503.9
2,3,0,1,1187.6127989516144,0,7074.48
2,4,0,1,1187.6127989516144,0,7603.68
2,5,0,1,1187.6127989516144,0,7297.77
2,6,1,1,1187.6127989516144,0,8467.08
2,7,1,1,1187.6127989516144,0,8142.09
2,8,1,1,1187.6127989516144,0,8593.51
2,9,1,1,1187.6127989516144,0,8357.86
2,10,1,1,1187.6127989516144,0,8293.14
2,11,1,1,1187.6127989516144,0,8772.36
3,0,0,1,1235.1411790978034,1,8111.56
3,1,0,1,1235.1411790978034,1,7963.32
3,2,0,1,1235.1411790978034,1,8457.65
3,3,0,1,1235.1411790978034,1,8081.45
3,4,0,1,1235.1411790978034,1,8225.46
3,5,0,1,1235.1411790978034,1,8317.56
3,6,1,1,1235.1411790978034,1,9012.07
3,7,1,1,1235.1411790978034,1,9292.05
3,8,1,1,1235.1411790978034,1,9111.04
3,9,1,1,1235.1411790978034,1,9177.83
3,10,1,1,1235.1411790978034,1,9608.18
3,11,1,1,1235.1411790978034,1,9119.47
4,0,0,0,512.2412028365409,0,4903.46
4,1,0,0,512.2412028365409,0,5828.68
4,2,0,0,512.2412028365409,0,6075.13
4,3,0,0,512.2412028365409,0,5465.12
4,4,0,0,512.2412028365409,0,5168.17
4,5,0,0,512.2412028365409,0,5565.97
4,6,1,0,512.2412028365409,0,5611.31
4,7,1,0,512.2412028365409,0,5672.49
4,8,1,0,512.2412028365409,0,5509.33
4,9,1,0,512.2412028365409,0,5921.78
4,10,1,0,512.2412028365409,0,5949.67
4,11,1,0,512.2412028365409,0,5545.51
5,0,0,1,674.4551232844206,0,6042.3
5,1,0,1,674.4551232844206,0,6380.07
5,2,0,1,674.4551232844206,0,6006.31
5,3,0,1,674.4551232844206,0,5934.26
5,4,0,1,674.4551232844206,0,6017.23
5,5,0,1,674.4551232844206,0,6223.83
5,6,1,1,674.4551232844206,0,6597.73
5,7,1,1,674.4551232844206,0,7054.64
5,8,1,1,674.4551232844206,0,6972.57
5,9,1,1,674.4551232844206,0,7505.0
5,10,1,1,674.4551232844206,0,7100.16
5,11,1,1,674.4551232844206,0,7545.41
6,0,0,1,1031.9601007918213,1,7246.67
6,1,0,1,1031.9601007918213,1,7658.69
6,2,0,1,1031.9601007918213,1,7639.76
6,3,0,1,1031.9601007918213,1,7418.3
6,4,0,1,1031.9601007918213,1,7688.52
6,5,0,1,1031.9601007918213,1,7956.24
6,6,1,1,1031.9601007918213,1,8508.25
6,7,1,1,1031.9601007918213,1,8247.26
6,8,1,1,1031.9601007918213,1,8655.62
6,9,1,1,1031.9601007918213,1,8500.96
6,10,1,1,1031.9601007918213,1,8664.17
6,11,1,1,1031.9601007918213,1,8761.54
7,0,0,1,920.9393519141045,1,6803.39
7,1,0,1,920.9393519141045,1,6863.19
7,2,0,1,920.9393519141045,1,7364.68
7,3,0,1,920.9393519141045,1,7183.63
7,4,0,1,920.9393519141045,1,6774.39
7,5,0,1,920.9393519141045,1,7551.3
7,6,1,1,920.9393519141045,1,8328.55
7,7,1,1,920.9393519141045,1,8151.58
7,8,1,1,920.9393519141045,1,8058.93
7,9,1,1,920.9393519141045,1,8572.51
7,10,1,1,920.9393519141045,1,8505.49
7,11,1,1,920.9393519141045,1,8992.8
8,0,0,0,995.7997106239278,0,6880.68
8,1,0,0,995.7997106239278,0,6913.53
8,2,0,0,995.7997106239278,0,6831.52
8,3,0,0,995.7997106239278,0,7087.93
8,4,0,0,995.7997106239278,0,7085.76
8,5,0,0,995.7997106239278,0,7263.62
8,6,1,0,995.7997106239278,0,6913.55
8,7,1,0,995.7997106239278,0,6972.45
8,8,1,0,995.7997106239278,0,7002.84
8,9,1,0,995.7997106239278,0,7322.22
8,10,1,0,995.7997106239278,0,7517.88
8,11,1,0,995.7997106239278,0,7127.29
9,0,0,0,786.739018106605,1,6709.42
9,1,0,0,786.739018106605,1,6911.97
9,2,0,0,786.739018106605,1,6828.8
9,3,0,0,786.739018106605,1,7132.32
9,4,0,0,786.739018106605,1,6467.48
9,5,0,0,786.739018106605,1,6820.99
9,6,1,0,786.739018106605,1,6870.74
9,7,1,0,786.739018106605,1,6572.39
9,8,1,0,786.739018106605,1,6910.87
9,9,1,0,786.739018106605,1,6961.53
9,10,1,0,786.739018106605,1,7158.63
9,11,1,0,786.739018106605,1,7487.72
10,0,0,1,1219.849493715707,1,7961.67
10,1,0,1,1219.849493715707,1,7828.8
10,2,0,1,1219.849493715707,1,8083.05
10,3,0,1,1219.849493715707,1,8366.4
10,4,0,1,1219.849493715707,1,7960.87
10,5,0,1,1219.849493715707,1,8015.25
10,6,1,1,1219.849493715707,1,9228.46
10,7,1,1,1219.849493715707,1,9096.84
10,8,1,1,1219.849493715707,1,9328.03
10,9,1,1,1219.849493715707,1,9222.58
10,10,1,1,1219.849493715707,1,9419.94
10,11,1,1,1219.849493715707,1,9077.86
11,0,0,1,1194.447983857237,1,7941.8
11,1,0,1,1194.447983857237,1,7938.1
11,2,0,1,1194.447983857237,1,7756.96
11,3,0,1,1194.447983857237,1,7720.49
11,4,0,1,1194.447983857237,1,8255.32
11,5,0,1,1194.447983857237,1,8067.24
11,6,1,1,1194.447983857237,1,8809.55
11,7,1,1,1194.447983857237,1,9053.29
11,8,1,1,1194.447983857237,1,9362.62
11,9,1,1,1194.447983857237,1,8652.69
11,10,1,1,1194.447983857237,1,8865.19
11,11,1,1,1194.447983857237,1,9031.42
12,0,0,0,1016.507674390304,0,7167.68
12,1,0,0,1016.507674390304,0,6948.39
12,2,0,0,1016.507674390304,0,7095.03
12,3,0,0,1016.507674390304,0,6715.39
12,4,0,0,1016.507674390304,0,6759.92
12,5,0,0,1016.507674390304,0,7144.74
12,6,1,0,1016.507674390304,0,7099.04
12,7,1,0,1016.507674390304,0,7246.94
12,8,1,0,1016.507674390304,0,7124.93
12,9,1,0,1016.507674390304,0,7267.41
12,10,1,0,1016.507674390304,0,7281.01
12,11,1,0,1016.507674390304,0,7457.33
13,0,0,0,1281.8103017420083,0,7766.61
13,1,0,0,1281.8103017420083,0,7272.7
13,2,0,0,1281.8103017420083,0,7174.67
13,3,0,0,1281.8103017420083,0,7929.45
13,4,0,0,1281.8103017420083,0,8010.37
13,5,0,0,1281.8103017420083,0,7564.53
13,6,1,0,1281.8103017420083,0,7419.91
13,7,1,0,1281.8103017420083,0,7890.86
13,8,1,0,1281.8103017420083,0,8113.85
13,9,1,0,1281.8103017420083,0,8344.54
13,10,1,0,1281.8103017420083,0,8102.65
13,11,1,0,1281.8103017420083,0,7947.29
14,0,0,1,1116.8773355630115,1,7530.77
14,1,0,1,1116.8773355630115,1,7769.78
14,2,0,1,1116.8773355630115,1,7741.42
14,3,0,1,1116.8773355630115,1,7623.94
14,4,0,1,1116.8773355630115,1,8337.98
14,5,0,1,1116.8773355630115,1,8319.99
14,6,1,1,1116.8773355630115,1,9067.19
14,7,1,1,1116.8773355630115,1,8654.67
14,8,1,1,1116.8773355630115,1,9085.36
14,9,1,1,1116.8773355630115,1,9077.97
14,10,1,1,1116.8773355630115,1,9074.62
14,11,1,1,1116.8773355630115,1,9292.18
15,0,0,1,785.1768842791904,0,6338.28
15,1,0,1,785.1768842791904,0,6401.3
15,2,0,1,785.1768842791904,0,6418.61
15,3,0,1,785.1768842791904,0,6393.47
15,4,0,1,785.1768842791904,0,5966.1
15,5,0,1,785.1768842791904,0,6416.89
15,6,1,1,785.1768842791904,0,7166.13
15,7,1,1,785.1768842791904,0,7046.93
15,8,1,1,785.1768842791904,0,7738.49
15,9,1,1,785.1768842791904,0,7788.87
15,10,1,1,785.1768842791904,0,7747.52
15,11,1,1,785.1768842791904,0,7544.64
16,0,0,0,1092.1876960206248,0,7355.26
16,1,0,0,1092.1876960206248,0,7100.78
16,2,0,0,1092.1876960206248,0,7182.74
16,3,0,0,1092.1876960206248,0,6937.56
16,4,0,0,1092.1876960206248,0,7305.46
16,5,0,0,1092.1876960206248,0,7271.41
16,6,1,0,1092.1876960206248,0,7011.54
16,7,1,0,1092.1876960206248,0,7326.86
16,8,1,0,1092.1876960206248,0,7360.59
16,9,1,0,1092.1876960206248,0,7813.59
16,10,1,0,1092.1876960206248,0,7654.85
16,11,1,0,1092.1876960206248,0,7500.64
17,0,0,0,760.2793497927503,0,6183.52
17,1,0,0,760.2793497927503,0,6178.51
17,2,0,0,760.2793497927503,0,6164.14
17,3,0,0,760.2793497927503,0,6010.65
17,4,0,0,760.2793497927503,0,6255.55
17,5,0,0,760.2793497927503,0,6164.64
17,6,1,0,760.2793497927503,0,6093.71
17,7,1,0,760.2793497927503,0,6521.25
17,8,1,0,760.2793497927503,0,6534.86
17,9,1,0,760.2793497927503,0,6095.71
17,10,1,0,760.2793497927503,0,6501.79
17,11,1,0,760.2793497927503,0,6787.84
18,0,0,1,1219.6125753268182,1,8247.94
18,1,0,1,1219.6125753268182,1,8280.6
18,2,0,1,1219.6125753268182,1,8103.48
18,3,0,1,1219.6125753268182,1,7949.01
18,4,0,1,1219.6125753268182,1,7936.5
18,5,0,1,1219.6125753268182,1,8290.73
18,6,1,1,1219.6125753268182,1,9188.36
18,7,1,1,1219.6125753268182,1,9428.13
18,8,1,1,1219.6125753268182,1,9426.91
18,9,1,1,1219.6125753268182,1,9195.82
18,10,1,1,1219.6125753268182,1,8991.19
18,11,1,1,1219.6125753268182,1,9234.71
19,0,0,1,987.5185222534368,1,7412.84
19,1,0,1,987.5185222534368,1,7360.59
19,2,0,1,987.5185222534368,1,7317.92
19,3,0,1,987.5185222534368,1,7540.69
19,4,0,1,987.5185222534368,1,7414.18
19,5,0,1,987.5185222534368,1,7426.88
19,6,1,1,987.5185222534368,1,8523.57
19,7,1,1,987.5185222534368,1,8406.61
19,8,1,1,987.5185222534368,1,8588.75
19,9,1,1,987.5185222534368,1,8635.16
19,10,1,1,987.5185222534368,1,8364.38
19,11,1,1,987.5185222534368,1,8549.18
20,0,0,1,953.7844091136849,0,6986.91
20,1,0,1,953.7844091136849,0,6454.94
20,2,0,1,953.7844091136849,0,6284.93
20,3,0,1,953.7844091136849,0,6380.99
20,4,0,1,953.7844091136849,0,6837.0
20,5,0,1,953.7844091136849,0,6877.4
20,6,1,1,953.7844091136849,0,7734.72
20,7,1,1,953.7844091136849,0,8067.72
20,8,1,1,953.7844091136849,0,7252.57
20,9,1,1,953.7844091136849,0,7967.7
20,10,1,1,953.7844091136849,0,8264.11
20,11,1,1,953.7844091136849,0,7712.48
21,0,0,0,829.7676138990147,1,6839.79
21,1,0,0,829.7676138990147,1,6797.71
21,2,0,0,829.7676138990147,1,6806.59
21,3,0,0,829.7676138990147,1,6971.57
21,4,0,0,829.7676138990147,1,7397.4
21,5,0,0,829.7676138990147,1,7527.57
21,6,1,0,829.7676138990147,1,7089.44
21,7,1,0,829.7676138990147,1,7622.46
21,8,1,0,829.7676138990147,1,7251.18
21,9,1,0,829.7676138990147,1,7669.16
21,10,1,0,829.7676138990147,1,7302.82
21,11,1,0,829.7676138990147,1,7392.18
22,0,0,1,1305.6353346685075,0,7736.18
22,1,0,1,1305.6353346685075,0,8395.13
22,2,0,1,1305.6353346685075,0,7923.06
22,3,0,1,1305.6353346685075,0,7620.18
22,4,0,1,1305.6353346685075,0,8028.96
22,5,0,1,1305.6353346685075,0,7776.18
22,6,1,1,1305.6353346685075,0,8638.03
22,7,1,1,1305.6353346685075,0,8985.67
22,8,1,1,1305.6353346685075,0,8832.62
22,9,1,1,1305.6353346685075,0,8927.07
22,10,1,1,1305.6353346685075,0,8908.86
22,11,1,1,1305.6353346685075,0,9019.83
23,0,0,0,961.3676294827994,1,7385.32
23,1,0,0,961.3676294827994,1,6905.7
23,2,0,0,961.3676294827994,1,7518.48
23,3,0,0,961.3676294827994,1,7195.79
23,4,0,0,961.3676294827994,1,7134.52
23,5,0,0,961.3676294827994,1,7478.98
23,6,1,0,961.3676294827994,1,7550.31
23,7,1,0,961.3676294827994,1,7419.26
23,8,1,0,961.3676294827994,1,7794.66
23,9,1,0,961.3676294827994,1,7356.55
23,10,1,0,961.3676294827994,1,7602.3
23,11,1,0,961.3676294827994,1,7603.16
24,0,0,1,892.9180444592232,1,7089.92
24,1,0,1,892.9180444592232,1,7201.52
24,2,0,1,892.9180444592232,1,6958.43
24,3,0,1,892.9180444592232,1,7379.51
24,4,0,1,892.9180444592232,1,7274.03
24,5,0,1,892.9180444592232,1,6883.94
24,6,1,1,892.9180444592232,1,7759.28
24,7,1,1,892.9180444592232,1,8227.46
24,8,1,1,892.9180444592232,1,8221.56
24,9,1,1,892.9180444592232,1,8287.42
24,10,1,1,892.9180444592232,1,8344.01
24,11,1,1,892.9180444592232,1,8439.79
25,0,0,1,911.9666123779426,0,6761.99
25,1,0,1,911.9666123779426,0,6349.06
25,2,0,1,911.9666123779426,0,6375.67
25,3,0,1,911.9666123779426,0,6432.98
25,4,0,1,911.9666123779426,0,6777.07
25,5,0,1,911.9666123779426,0,7027.39
25,6,1,1,911.9666123779426,0,7548.61
25,7,1,1,911.9666123779426,0,7133.13
25,8,1,1,911.9666123779426,0,7348.63
25,9,1,1,911.9666123779426,0,7580.24
25,10,1,1,911.9666123779426,0,7680.81
25,11,1,1,911.9666123779426,0,7753.66
26,0,0,0,1133.0772963883371,0,7181.1
26,1,0,0,1133.0772963883371,0,7144.03
26,2,0,0,1133.0772963883371,0,7483.47
26,3,0,0,1133.0772963883371,0,7143.89
26,4,0,0,1133.0772963883371,0,7142.91
26,5,0,0,1133.0772963883371,0,7477.97
26,6,1,0,1133.0772963883371,0,7074.78
26,7,1,0,1133.0772963883371,0,7538.35
26,8,1,0,1133.0772963883371,0,7515.18
26,9,1,0,1133.0772963883371,0,7500.18
26,10,1,0,1133.0772963883371,0,7922.04
26,11,1,0,1133.0772963883371,0,7475.73
27,0,0,0,1091.3610160910196,0,7509.08
27,1,0,0,1091.3610160910196,0,7046.22
27,2,0,0,1091.3610160910196,0,6854.87
27,3,0,0,1091.3610160910196,0,7191.19
27,4,0,0,1091.3610160910196,0,6979.04
27,5,0,0,1091.3610160910196,0,7090.42
27,6,1,0,1091.3610160910196,0,7383.16
27,7,1,0,1091.3610160910196,0,7458.04
27,8,1,0,1091.3610160910196,0,7238.93
27,9,1,0,1091.3610160910196,0,7633.04
27,10,1,0,1091.3610160910196,0,7710.46
27,11,1,0,1091.3610160910196,0,7811.8
28,0,0,1,1103.1831528989972,1,7805.38
28,1,0,1,1103.1831528989972,1,8028.87
28,2,0,1,1103.1831528989972,1,7355.14
28,3,0,1,1103.1831528989972,1,7738.97
28,4,0,1,1103.1831528989972,1,7658.17
28,5,0,1,1103.1831528989972,1,7915.14
28,6,1,1,1103.1831528989972,1,8653.19
28,7,1,1,1103.1831528989972,1,8782.36
28,8,1,1,1103.1831528989972,1,9272.99
28,9,1,1,1103.1831528989972,1,8861.57
28,10,1,1,1103.1831528989972,1,9029.95
28,11,1,1,1103.1831528989972,1,8927.81
29,0,0,0,1107.7052507519707,1,7718.23
29,1,0,0,1107.7052507519707,1,7742.9
29,2,0,0,1107.7052507519707,1,7880.21
29,3,0,0,1107.7052507519707,1,8077.94
29,4,0,0,1107.7052507519707,1,8224.0
29,5,0,0,1107.7052507519707,1,7969.69
29,6,1,0,1107.7052507519707,1,8071.28
29,7,1,0,1107.7052507519707,1,7728.38
29,8,1,0,1107.7052507519707,1,8002.24
29,9,1,0,1107.7052507519707,1,8268.44
29,10,1,0,1107.7052507519707,1,8292.09
29,11,1,0,1107.7052507519707,1,8188.13
30,0,0,1,1535.4119002176153,1,9094.16
30,1,0,1,1535.4119002176153,1,9047.12
30,2,0,1,1535.4119002176153,1,9243.22
30,3,0,1,1535.4119002176153,1,9082.81
30,4,0,1,1535.4119002176153,1,8980.9
30,5,0,1,1535.4119002176153,1,9173.04
30,6,1,1,1535.4119002176153,1,9344.42
30,7,1,1,1535.4119002176153,1,10113.39
30,8,1,1,1535.4119002176153,1,9266.5
30,9,1,1,1535.4119002176153,1,9729.99
30,10,1,1,1535.4119002176153,1,10248.54
30,11,1,1,1535.4119002176153,1,10294.21
31,0,0,1,898.3962459038461,1,6859.78
31,1,0,1,898.3962459038461,1,6998.85
31,2,0,1,898.3962459038461,1,7497.03
31,3,0,1,898.3962459038461,1,7129.02
31,4,0,1,898.3962459038461,1,7768.95
31,5,0,1,898.3962459038461,1,7315.09
31,6,1,1,898.3962459038461,1,8295.28
31,7,1,1,898.3962459038461,1,8601.22
31,8,1,1,898.3962459038461,1,8314.34
31,9,1,1,898.3962459038461,1,8104.99
31,10,1,1,898.3962459038461,1,8341.37
31,11,1,1,898.3962459038461,1,8397.68
32,0,0,0,871.9393177321157,0,6141.19
32,1,0,0,871.9393177321157,0,6425.15
32,2,0,0,871.9393177321157,0,6358.15
32,3,0,0,871.9393177321157,0,6764.79
32,4,0,0,871.9393177321157,0,6609.04
32,5,0,0,871.9393177321157,0,6579.22
32,6,1,0,871.9393177321157,0,6658.07
32,7,1,0,871.9393177321157,0,6770.52
32,8,1,0,871.9393177321157,0,6897.13
32,9,1,0,871.9393177321157,0,6581.49
32,10,1,0,871.9393177321157,0,6612.28
32,11,1,0,871.9393177321157,0,7124.46
33,0,0,1,796.5568179380306,1,6739.64
33,1,0,1,796.5568179380306,1,6558.65
33,2,0,1,796.5568179380306,1,7008.0
33,3,0,1,796.5568179380306,1,7052.3
33,4,0,1,796.5568179380306,1,6653.6
33,5,0,1,796.5568179380306,1,7080.85
33,6,1,1,796.5568179380306,1,8082.19
33,7,1,1,796.5568179380306,1,8042.72
33,8,1,1,796.5568179380306,1,8139.4
33,9,1,1,796.5568179380306,1,7731.42
33,10,1,1,796.5568179380306,1,8153.19
33,11,1,1,796.5568179380306,1,8053.78
34,0,0,0,1153.994855643874,0,7124.97
34,1,0,0,1153.994855643874,0,7462.71
34,2,0,0,1153.994855643874,0,7636.63
34,3,0,0,1153.994855643874,0,7745.95
34,4,0,0,1153.994855643874,0,7680.44
34,5,0,0,1153.994855643874,0,7407.04
34,6,1,0,1153.994855643874,0,7548.78
34,7,1,0,1153.994855643874,0,7679.89
34,8,1,0,1153.994855643874,0,7577.84
34,9,1,0,1153.994855643874,0,7619.95
34,10,1,0,1153.994855643874,0,7812.41
34,11,1,0,1153.994855643874,0,7658.14
35,0,0,1,1282.2430731802228,0,7429.84
35,1,0,1,1282.2430731802228,0,7539.1
35,2,0,1,1282.2430731802228,0,7809.74
35,3,0,1,1282.2430731802228,0,7710.94
35,4,0,1,1282.2430731802228,0,7825.13
35,5,0,1,1282.2430731802228,0,7937.7
35,6,1,1,1282.2430731802228,0,8597.82
35,7,1,1,1282.2430731802228,0,8886.66
35,8,1,1,1282.2430731802228,0,8843.63
35,9,1,1,1282.2430731802228,0,8528.62
35,10,1,1,1282.2430731802228,0,9157.59
35,11,1,1,1282.2430731802228,0,8770.12
36,0,0,0,971.5131355862812,1,6956.12
36,1,0,0,971.5131355862812,1,7130.33
36,2,0,0,971.5131355862812,1,7175.61
36,3,0,0,971.5131355862812,1,7451.71
36,4,0,0,971.5131355862812,1,7419.99
36,5,0,0,971.5131355862812,1,7446.13
36,6,1,0,971.5131355862812,1,7696.57
36,7,1,0,971.5131355862812,1,7675.01
36,8,1,0,971.5131355862812,1,7709.77
36,9,1,0,971.5131355862812,1,7770.4
36,10,1,0,971.5131355862812,1,7855.79
36,11,1,0,971.5131355862812,1,7296.49
37,0,0,1,789.960880759368,1,6731.71
37,1,0,1,789.960880759368,1,6372.24
37,2,0,1,789.960880759368,1,6899.82
37,3,0,1,789.960880759368,1,6930.87
37,4,0,1,789.960880759368,1,7201.91
37,5,0,1,789.960880759368,1,7273.17
37,6,1,1,789.960880759368,1,7946.5
37,7,1,1,789.960880759368,1,7831.81
37,8,1,1,789.960880759368,1,8088.63
37,9,1,1,789.960880759368,1,7905.75
37,10,1,1,789.960880759368,1,8061.58
37,11,1,1,789.960880759368,1,8318.84
38,0,0,1,793.8796960771901,0,6100.15
38,1,0,1,793.8796960771901,0,6440.11
38,2,0,1,793.8796960771901,0,6451.89
38,3,0,1,793.8796960771901,0,6132.81
38,4,0,1,793.8796960771901,0,6597.12
38,5,0,1,793.8796960771901,0,6576.55
38,6,1,1,793.8796960771901,0,7335.29
38,7,1,1,793.8796960771901,0,7185.15
38,8,1,1,793.8796960771901,0,7203.84
38,9,1,1,793.8796960771901,0,7314.58
38,10,1,1,793.8796960771901,0,7592.23
38,11,1,1,793.8796960771901,0,7302.63
39,0,0,1,1162.6481969561753,0,7351.67
39,1,0,1,1162.6481969561753,0,7022.23
39,2,0,1,1162.6481969561753,0,7290.52
39,3,0,1,1162.6481969561753,0,7399.54
39,4,0,1,1162.6481969561753,0,7953.34
39,5,0,1,1162.6481969561753,0,7152.41
39,6,1,1,1162.6481969561753,0,8669.26
39,7,1,1,1162.6481969561753,0,8418.38
39,8,1,1,1162.6481969561753,0,8515.87
39,9,1,1,1162.6481969561753,0,8491.45
39,10,1,1,1162.6481969561753,0,8603.25
39,11,1,1,1162.6481969561753,0,8511.6
40,0,0,1,1185.8135428008607,1,8240.17
40,1,0,1,1185.8135428008607,1,7859.85
40,2,0,1,1185.8135428008607,1,8249.37
40,3,0,1,1185.8135428008607,1,7898.52
40,4,0,1,1185.8135428008607,1,8067.02
40,5,0,1,1185.8135428008607,1,7884.45
40,6,1,1,1185.8135428008607,1,9110.38
40,7,1,1,1185.8135428008607,1,9368.21
40,8,1,1,1185.8135428008607,1,9073.26
40,9,1,1,1185.8135428008607,1,9086.96
40,10,1,1,1185.8135428008607,1,8925.06
40,11,1,1,1185.8135428008607,1,9159.83
41,0,0,1,1135.7885670762987,1,7429.79
41,1,0,1,1135.7885670762987,1,7619.37
41,2,0,1,1135.7885670762987,1,7910.1
41,3,0,1,1135.7885670762987,1,8190.39
41,4,0,1,1135.7885670762987,1,8558.23
41,5,0,1,1135.7885670762987,1,7851.16
41,6,1,1,1135.7885670762987,1,9185.97
41,7,1,1,1135.7885670762987,1,8963.83
41,8,1,1,1135.7885670762987,1,8916.93
41,9,1,1,1135.7885670762987,1,9085.38
41,10,1,1,1135.7885670762987,1,9043.83
41,11,1,1,1135.7885670762987,1,9094.5
42,0,0,0,833.6225731778264,1,6844.31
42,1,0,0,833.6225731778264,1,6666.56
42,2,0,0,833.6225731778264,1,6674.55
42,3,0,0,833.6225731778264,1,7197.86
42,4,0,0,833.6225731778264,1,7033.27
42,5,0,0,833.6225731778264,1,7003.0
42,6,1,0,833.6225731778264,1,7176.01
42,7,1,0,833.6225731778264,1,7389.03
42,8,1,0,833.6225731778264,1,7293.82
42,9,1,0,833.6225731778264,1,7149.81
42,10,1,0,833.6225731778264,1,7603.93
42,11,1,0,833.6225731778264,1,7721.56
43,0,0,1,1058.04033076668,0,7071.32
43,1,0,1,1058.04033076668,0,7216.72
43,2,0,1,1058.04033076668,0,7315.74
43,3,0,1,1058.04033076668,0,7331.13
43,4,0,1,1058.04033076668,0,7257.61
43,5,0,1,1058.04033076668,0,7294.15
43,6,1,1,1058.04033076668,0,8166.84
43,7,1,1,1058.04033076668,0,7851.1
43,8,1,1,1058.04033076668,0,8286.67
43,9,1,1,1058.04033076668,0,7874.23
43,10,1,1,1058.04033076668,0,8037.7
43,11,1,1,1058.04033076668,0,8539.3
44,0,0,0,1029.171452285182,0,7066.53
44,1,0,0,1029.171452285182,0,7248.91
44,2,0,0,1029.171452285182,0,6901.91
44,3,0,0,1029.171452285182,0,6748.19
44,4,0,0,1029.171452285182,0,6988.78
44,5,0,0,1029.171452285182,0,7104.13
44,6,1,0,1029.171452285182,0,7139.06
44,7,1,0,1029.171452285182,0,7411.09
44,8,1,0,1029.171452285182,0,7122.2
44,9,1,0,1029.171452285182,0,7319.13
44,10,1,0,1029.171452285182,0,7064.18
44,11,1,0,1029.171452285182,0,7420.75
45,0,0,1,1054.6721491822532,0,6953.77
45,1,0,1,1054.6721491822532,0,6828.12
45,2,0,1,1054.6721491822532,0,6981.2
45,3,0,1,1054.6721491822532,0,7032.56
45,4,0,1,1054.6721491822532,0,7053.65
45,5,0,1,1054.6721491822532,0,7542.78
45,6,1,1,1054.6721491822532,0,8021.42
45,7,1,1,1054.6721491822532,0,8029.42
45,8,1,1,1054.6721491822532,0,7661.64
45,9,1,1,1054.6721491822532,0,7966.36
45,10,1,1,1054.6721491822532,0,8145.21
45,11,1,1,1054.6721491822532,0,8092.19
46,0,0,1,1217.8571944870475,1,8313.98
46,1,0,1,1217.8571944870475,1,8013.71
46,2,0,1,1217.8571944870475,1,8373.46
46,3,0,1,1217.8571944870475,1,8143.58
46,4,0,1,1217.8571944870475,1,8178.19
46,5,0,1,1217.8571944870475,1,8190.46
46,6,1,1,1217.8571944870475,1,9100.84
46,7,1,1,1217.8571944870475,1,9518.14
46,8,1,1,1217.8571944870475,1,8669.69
46,9,1,1,1217.8571944870475,1,8779.66
46,10,1,1,1217.8571944870475,1,9140.5
46,11,1,1,1217.8571944870475,1,9303.2
47,0,0,0,1055.8988871936706,1,7708.34
47,1,0,0,1055.8988871936706,1,7700.6
47,2,0,0,1055.8988871936706,1,7551.98
47,3,0,0,1055.8988871936706,1,7900.71
47,4,0,0,1055.8988871936706,1,7943.16
47,5,0,0,1055.8988871936706,1,7797.01
47,6,1,0,1055.8988871936706,1,8008.3
47,7,1,0,1055.8988871936706,1,7896.5
47,8,1,0,1055.8988871936706,1,7752.99
47,9,1,0,1055.8988871936706,1,8070.04
47,10,1,0,1055.8988871936706,1,7980.85
47,11,1,0,1055.8988871936706,1,7996.81
48,0,0,0,1169.7283907679737,0,7599.29
48,1,0,0,1169.7283907679737,0,6776.05
48,2,0,0,1169.7283907679737,0,7043.35
48,3,0,0,1169.7283907679737,0,7134.08
48,4,0,0,1169.7283907679737,0,7355.32
48,5,0,0,1169.7283907679737,0,7419.23
48,6,1,0,1169.7283907679737,0,7183.63
48,7,1,0,1169.7283907679737,0,7338.5
48,8,1,0,1169.7283907679737,0,7405.85
48,9,1,0,1169.7283907679737,0,8175.87
48,10,1,0,1169.7283907679737,0,8071.62
48,11,1,0,1169.7283907679737,0,7624.65
49,0,0,0,1016.8947673722229,0,6767.32
49,1,0,0,1016.8947673722229,0,6634.48
49,2,0,0,1016.8947673722229,0,6507.52
49,3,0,0,1016.8947673722229,0,6941.59
49,4,0,0,1016.8947673722229,0,6787.78
49,5,0,0,1016.8947673722229,0,7028.64
49,6,1,0,1016.8947673722229,0,6735.26
49,7,1,0,1016.8947673722229,0,6959.67
49,8,1,0,1016.8947673722229,0,7200.0
49,9,1,0,1016.8947673722229,0,7287.87
49,10,1,0,1016.8947673722229,0,7339.15
49,11,1,0,1016.8947673722229,0,6996.8
50,0,0,1,1072.279849672496,0,7190.41
50,1,0,1,1072.279849672496,0,6866.34
50,2,0,1,1072.279849672496,0,7221.61
50,3,0,1,1072.279849672496,0,7120.04
50,4,0,1,1072.279849672496,0,6859.58
50,5,0,1,1072.279849672496,0,7132.82
50,6,1,1,1072.279849672496,0,8172.76
50,7,1,1,1072.279849672496,0,8267.24
50,8,1,1,1072.279849672496,0,8141.37
50,9,1,1,1072.279849672496,0,8549.37
50,10,1,1,1072.279849672496,0,8474.04
50,11,1,1,1072.279849672496,0,8235.92
51,0,0,1,1157.8220564596352,1,8006.93
51,1,0,1,1157.8220564596352,1,8307.34
51,2,0,1,1157.8220564596352,1,8353.21
51,3,0,1,1157.8220564596352,1,7691.74
51,4,0,1,1157.8220564596352,1,7798.06
51,5,0,1,1157.8220564596352,1,8368.58
51,6,1,1,1157.8220564596352,1,8699.08
51,7,1,1,1157.8220564596352,1,8680.94
51,8,1,1,1157.8220564596352,1,8904.94
51,9,1,1,1157.8220564596352,1,9144.35
51,10,1,1,1157.8220564596352,1,9069.37
51,11,1,1,1157.8220564596352,1,8988.78
52,0,0,0,635.7110450360833,1,6231.66
52,1,0,0,635.7110450360833,1,6263.28
52,2,0,0,635.7110450360833,1,6266.5
52,3,0,0,635.7110450360833,1,7001.95
52,4,0,0,635.7110450360833,1,6605.44
52,5,0,0,635.7110450360833,1,6775.08
52,6,1,0,635.7110450360833,1,6512.39
52,7,1,0,635.7110450360833,1,6619.08
52,8,1,0,635.7110450360833,1,6543.01
52,9,1,0,635.7110450360833,1,6156.62
52,10,1,0,635.7110450360833,1,6476.83
52,11,1,0,635.7110450360833,1,6421.65
53,0,0,0,920.0821959106747,0,6081.28
53,1,0,0,920.0821959106747,0,6353.25
53,2,0,0,920.0821959106747,0,6947.72
53,3,0,0,920.0821959106747,0,6686.45
53,4,0,0,920.0821959106747,0,7020.15
53,5,0,0,920.0821959106747,0,6866.65
53,6,1,0,920.0821959106747,0,6988.39
53,7,1,0,920.0821959106747,0,6658.03
53,8,1,0,920.0821959106747,0,7011.5
53,9,1,0,920.0821959106747,0,7096.55
53,10,1,0,920.0821959106747,0,6849.37
53,11,1,0,920.0821959106747,0,7139.33
54,0,0,1,882.4068364268011,0,6595.3
54,1,0,1,882.4068364268011,0,6389.84
54,2,0,1,882.4068364268011,0,6303.73
54,3,0,1,882.4068364268011,0,6330.23
54,4,0,1,882.4068364268011,0,6649.77
54,5,0,1,882.4068364268011,0,6742.68
54,6,1,1,882.4068364268011,0,7386.38
54,7,1,1,882.4068364268011,0,7606.59
54,8,1,1,882.4068364268011,0,7766.26
54,9,1,1,882.4068364268011,0,7816.74
54,10,1,1,882.4068364268011,0,8062.15
54,11,1,1,882.4068364268011,0,8041.67
55,0,0,1,840.2805379391646,1,6732.5
55,1,0,1,840.2805379391646,1,7363.17
55,2,0,1,840.2805379391646,1,6915.97
55,3,0,1,840.2805379391646,1,7302.66
55,4,0,1,840.2805379391646,1,7127.74
55,5,0,1,840.2805379391646,1,7062.11
55,6,1,1,840.2805379391646,1,7645.09
55,7,1,1,840.2805379391646,1,8045.04
55,8,1,1,840.2805379391646,1,7779.72
55,9,1,1,840.2805379391646,1,8375.59
55,10,1,1,840.2805379391646,1,8536.48
55,11,1,1,840.2805379391646,1,8067.47
56,0,0,0,931.2144371933291,0,6673.83
56,1,0,0,931.2144371933291,0,6487.81
56,2,0,0,931.2144371933291,0,6549.13
56,3,0,0,931.2144371933291,0,6897.79
56,4,0,0,931.2144371933291,0,6758.92
56,5,0,0,931.2144371933291,0,7190.12
56,6,1,0,931.2144371933291,0,6741.31
56,7,1,0,931.2144371933291,0,7107.25
56,8,1,0,931.2144371933291,0,6948.83
56,9,1,0,931.2144371933291,0,7142.47
56,10,1,0,931.2144371933291,0,6909.03
56,11,1,0,931.2144371933291,0,7036.5
57,0,0,1,1373.7353278085989,1,8421.05
57,1,0,1,1373.7353278085989,1,8302.53
57,2,0,1,1373.7353278085989,1,8672.12
57,3,0,1,1373.7353278085989,1,8709.51
57,4,0,1,1373.7353278085989,1,8737.04
57,5,0,1,1373.7353278085989,1,8984.59
57,6,1,1,1373.7353278085989,1,9855.31
57,7,1,1,1373.7353278085989,1,9493.97
57,8,1,1,1373.7353278085989,1,9698.53
57,9,1,1,1373.7353278085989,1,9519.27
57,10,1,1,1373.7353278085989,1,9701.6
57,11,1,1,1373.7353278085989,1,9604.51
58,0,0,1,783.5422210766892,0,6550.33
58,1,0,1,783.5422210766892,0,6313.93
58,2,0,1,783.5422210766892,0,6225.95
58,3,0,1,783.5422210766892,0,6576.51
58,4,0,1,783.5422210766892,0,5876.38
58,5,0,1,783.5422210766892,0,5950.82
58,6,1,1,783.5422210766892,0,7459.0
58,7,1,1,783.5422210766892,0,7337.22
58,8,1,1,783.5422210766892,0,7419.02
58,9,1,1,783.5422210766892,0,7112.11
58,10,1,1,783.5422210766892,0,7438.81
58,11,1,1,783.5422210766892,0,7924.69
59,0,0,1,1242.0695886478702,0,7659.12
59,1,0,1,1242.0695886478702,0,7555.13
59,2,0,1,1242.0695886478702,0,7461.2
59,3,0,1,1242.0695886478702,0,7510.99
59,4,0,1,1242.0695886478702,0,7169.37
59,5,0,1,1242.0695886478702,0,7734.48
59,6,1,1,1242.0695886478702,0,8753.8
59,7,1,1,1242.0695886478702,0,8261.16
59,8,1,1,1242.0695886478702,0,8502.28
59,9,1,1,1242.0695886478702,0,8433.15
59,10,1,1,1242.0695886478702,0,8515.42
59,11,1,1,1242.0695886478702,0,8779.56
60,0,0,0,579.2825570960488,1,5763.42
60,1,0,0,579.2825570960488,1,6397.13
60,2,0,0,579.2825570960488,1,6467.84
60,3,0,0,579.2825570960488,1,6286.75
60,4,0,0,579.2825570960488,1,5836.24
60,5,0,0,579.2825570960488,1,6202.78
60,6,1,0,579.2825570960488,1,6733.23
60,7,1,0,579.2825570960488,1,5890.83
60,8,1,0,579.2825570960488,1,6465.54
60,9,1,0,579.2825570960488,1,6322.39
60,10,1,0,579.2825570960488,1,6799.0
60,11,1,0,579.2825570960488,1,6513.47
61,0,0,1,916.2787425035563,0,6654.45
61,1,0,1,916.2787425035563,0,6729.98
61,2,0,1,916.2787425035563,0,7049.55
61,3,0,1,916.2787425035563,0,6640.93
61,4,0,1,916.2787425035563,0,6808.31
61,5,0,1,916.2787425035563,0,6438.87
61,6,1,1,916.2787425035563,0,7917.47
61,7,1,1,916.2787425035563,0,7528.27
61,8,1,1,916.2787425035563,0,7612.21
61,9,1,1,916.2787425035563,0,7770.69
61,10,1,1,916.2787425035563,0,7471.75
61,11,1,1,916.2787425035563,0,7905.91
62,0,0,1,1040.6882662762514,0,7126.77
62,1,0,1,1040.6882662762514,0,7018.37
62,2,0,1,1040.6882662762514,0,6644.37
62,3,0,1,1040.6882662762514,0,7006.69
62,4,0,1,1040.6882662762514,0,7237.17
62,5,0,1,1040.6882662762514,0,6700.77
62,6,1,1,1040.6882662762514,0,7767.48
62,7,1,1,1040.6882662762514,0,8236.77
62,8,1,1,1040.6882662762514,0,8143.35
62,9,1,1,1040.6882662762514,0,8214.56
62,10,1,1,1040.6882662762514,0,8573.02
62,11,1,1,1040.6882662762514,0,8307.01
63,0,0,0,1146.5555828398196,0,7355.09
63,1,0,0,1146.5555828398196,0,7846.72
63,2,0,0,1146.5555828398196,0,7243.32
63,3,0,0,1146.5555828398196,0,7154.82
63,4,0,0,1146.5555828398196,0,7464.47
63,5,0,0,1146.5555828398196,0,7506.93
63,6,1,0,1146.5555828398196,0,7334.48
63,7,1,0,1146.5555828398196,0,7263.23
63,8,1,0,1146.5555828398196,0,8038.52
63,9,1,0,1146.5555828398196,0,7642.26
63,10,1,0,1146.5555828398196,0,7449.25
63,11,1,0,1146.5555828398196,0,7851.86
64,0,0,1,1177.8066449482137,0,7273.85
64,1,0,1,1177.8066449482137,0,7282.22
64,2,0,1,1177.8066449482137,0,7501.56
64,3,0,1,1177.8066449482137,0,7133.64
64,4,0,1,1177.8066449482137,0,7535.44
64,5,0,1,1177.8066449482137,0,7918.71
64,6,1,1,1177.8066449482137,0,8490.42
64,7,1,1,1177.8066449482137,0,8345.09
64,8,1,1,1177.8066449482137,0,8356.3
64,9,1,1,1177.8066449482137,0,8417.58
64,10,1,1,1177.8066449482137,0,8491.99
64,11,1,1,1177.8066449482137,0,8504.74
65,0,0,1,1198.3368087999813,0,7556.93
65,1,0,1,1198.3368087999813,0,7014.04
65,2,0,1,1198.3368087999813,0,7624.98
65,3,0,1,1198.3368087999813,0,7391.81
65,4,0,1,1198.3368087999813,0,7598.27
65,5,0,1,1198.3368087999813,0,7307.41
65,6,1,1,1198.3368087999813,0,8737.64
65,7,1,1,1198.3368087999813,0,8759.38
65,8,1,1,1198.3368087999813,0,8736.45
65,9,1,1,1198.3368087999813,0,8232.1
65,10,1,1,1198.3368087999813,0,8787.75
65,11,1,1,1198.3368087999813,0,8734.41
66,0,0,0,912.8187319378906,0,6202.73
66,1,0,0,912.8187319378906,0,6590.55
66,2,0,0,912.8187319378906,0,6716.09
66,3,0,0,912.8187319378906,0,6798.23
66,4,0,0,912.8187319378906,0,6754.89
66,5,0,0,912.8187319378906,0,6819.96
66,6,1,0,912.8187319378906,0,7120.09
66,7,1,0,912.8187319378906,0,7105.62
66,8,1,0,912.8187319378906,0,6245.14
66,9,1,0,912.8187319378906,0,6846.06
66,10,1,0,912.8187319378906,0,6919.67
66,11,1,0,912.8187319378906,0,6610.43
67,0,0,0,884.4120518338582,0,6497.07
67,1,0,0,884.4120518338582,0,6791.08
67,2,0,0,884.4120518338582,0,6317.31
67,3,0,0,884.4120518338582,0,6670.36
67,4,0,0,884.4120518338582,0,6434.87
67,5,0,0,884.4120518338582,0,6528.53
67,6,1,0,884.4120518338582,0,7041.38
67,7,1,0,884.4120518338582,0,6636.99
67,8,1,0,884.4120518338582,0,6898.04
67,9,1,0,884.4120518338582,0,6424.69
67,10,1,0,884.4120518338582,0,7286.06
67,11,1,0,884.4120518338582,0,7048.94
68,0,0,1,1214.4939703142884,0,7360.43
68,1,0,1,1214.4939703142884,0,7567.2
68,2,0,1,1214.4939703142884,0,7170.42
68,3,0,1,1214.4939703142884,0,7780.74
68,4,0,1,1214.4939703142884,0,7489.31
68,5,0,1,1214.4939703142884,0,7555.69
68,6,1,1,1214.4939703142884,0,8382.42
68,7,1,1,1214.4939703142884,0,8402.84
68,8,1,1,1214.4939703142884,0,8723.41
68,9,1,1,1214.4939703142884,0,8666.88
68,10,1,1,1214.4939703142884,0,8793.97
68,11,1,1,1214.4939703142884,0,8688.65
69,0,0,1,952.1739187795963,1,7378.99
69,1,0,1,952.1739187795963,1,7213.94
69,2,0,1,952.1739187795963,1,7836.63
69,3,0,1,952.1739187795963,1,7041.14
69,4,0,1,952.1739187795963,1,7703.49
69,5,0,1,952.1739187795963,1,7767.03
69,6,1,1,952.1739187795963,1,8168.61
69,7,1,1,952.1739187795963,1,8886.53
69,8,1,1,952.1739187795963,1,8655.09
69,9,1,1,952.1739187795963,1,8689.74
69,10,1,1,952.1739187795963,1,8522.25
69,11,1,1,952.1739187795963,1,8508.3
70,0,0,1,681.0784191655196,1,6460.95
70,1,0,1,681.0784191655196,1,6632.94
70,2,0,1,681.0784191655196,1,6895.28
70,3,0,1,681.0784191655196,1,6666.91
70,4,0,1,681.0784191655196,1,6466.5
70,5,0,1,681.0784191655196,1,6888.39
70,6,1,1,681.0784191655196,1,7799.67
70,7,1,1,681.0784191655196,1,7781.04
70,8,1,1,681.0784191655196,1,7841.03
70,9,1,1,681.0784191655196,1,7657.42
70,10,1,1,681.0784191655196,1,7552.64
70,11,1,1,681.0784191655196,1,7606.02
71,0,0,0,716.6781964991299,0,5646.9
71,1,0,0,716.6781964991299,0,6098.83
71,2,0,0,716.6781964991299,0,6068.34
71,3,0,0,716.6781964991299,0,6029.9
71,4,0,0,716.6781964991299,0,5516.46
71,5,0,0,716.6781964991299,0,5932.29
71,6,1,0,716.6781964991299,0,6493.28
71,7,1,0,716.6781964991299,0,6140.48
71,8,1,0,716.6781964991299,0,6406.03
71,9,1,0,716.6781964991299,0,6060.75
71,10,1,0,716.6781964991299,0,6723.21
71,11,1,0,716.6781964991299,0,6415.01
72,0,0,0,770.1369284995972,0,6220.19
72,1,0,0,770.1369284995972,0,6708.05
72,2,0,0,770.1369284995972,0,6570.0
72,3,0,0,770.1369284995972,0,6208.94
72,4,0,0,770.1369284995972,0,6185.87
72,5,0,0,770.1369284995972,0,6284.76
72,6,1,0,770.1369284995972,0,6508.56
72,7,1,0,770.1369284995972,0,6413.23
72,8,1,0,770.1369284995972,0,6389.43
72,9,1,0,770.1369284995972,0,6839.16
72,10,1,0,770.1369284995972,0,6531.26
72,11,1,0,770.1369284995972,0,7102.29
73,0,0,0,1124.290186013441,0,7167.98
73,1,0,0,1124.290186013441,0,7580.78
73,2,0,0,1124.290186013441,0,7306.62
73,3,0,0,1124.290186013441,0,7479.86
73,4,0,0,1124.290186013441,0,7148.6
73,5,0,0,1124.290186013441,0,7160.19
73,6,1,0,1124.290186013441,0,7489.15
73,7,1,0,1124.290186013441,0,7645.49
73,8,1,0,1124.290186013441,0,7476.87
73,9,1,0,1124.290186013441,0,7225.01
73,10,1,0,1124.290186013441,0,7248.76
73,11,1,0,1124.290186013441,0,7274.04
74,0,0,1,1035.6064340176413,1,7110.82
74,1,0,1,1035.6064340176413,1,7563.78
74,2,0,1,1035.6064340176413,1,7827.21
74,3,0,1,1035.6064340176413,1,7616.75
74,4,0,1,1035.6064340176413,1,7162.41
74,5,0,1,1035.6064340176413,1,7657.73
74,6,1,1,1035.6064340176413,1,8553.88
74,7,1,1,1035.6064340176413,1,9090.82
74,8,1,1,1035.6064340176413,1,8349.13
74,9,1,1,1035.6064340176413,1,8623.75
74,10,1,1,1035.6064340176413,1,9124.99
74,11,1,1,1035.6064340176413,1,8888.69
75,0,0,1,1172.6213385169422,1,8007.27
75,1,0,1,1172.6213385169422,1,7948.55
75,2,0,1,1172.6213385169422,1,8035.93
75,3,0,1,1172.6213385169422,1,8174.41
75,4,0,1,1172.6213385169422,1,7865.25
75,5,0,1,1172.6213385169422,1,8276.51
75,6,1,1,1172.6213385169422,1,8671.28
75,7,1,1,1172.6213385169422,1,9085.58
75,8,1,1,1172.6213385169422,1,9092.66
75,9,1,1,1172.6213385169422,1,8957.76
75,10,1,1,1172.6213385169422,1,9128.35
75,11,1,1,1172.6213385169422,1,9036.38
76,0,0,0,893.1868384158664,0,6265.15
76,1,0,0,893.1868384158664,0,6463.13
76,2,0,0,893.1868384158664,0,6338.05
76,3,0,0,893.1868384158664,0,6691.94
76,4,0,0,893.1868384158664,0,6407.9
76,5,0,0,893.1868384158664,0,6857.56
76,6,1,0,893.1868384158664,0,6481.0
76,7,1,0,893.1868384158664,0,6656.34
76,8,1,0,893.1868384158664,0,6683.51
76,9,1,0,893.1868384158664,0,7152.46
76,10,1,0,893.1868384158664,0,6973.59
76,11,1,0,893.1868384158664,0,6894.34
77,0,0,0,1039.6349227691785,0,7020.7
77,1,0,0,1039.6349227691785,0,6487.4
77,2,0,0,1039.6349227691785,0,6981.49
77,3,0,0,1039.6349227691785,0,7470.43
77,4,0,0,1039.6349227691785,0,7100.09
77,5,0,0,1039.6349227691785,0,7125.92
77,6,1,0,1039.6349227691785,0,7271.57
77,7,1,0,1039.6349227691785,0,7388.01
77,8,1,0,1039.6349227691785,0,6791.54
77,9,1,0,1039.6349227691785,0,6900.87
77,10,1,0,1039.6349227691785,0,7357.24
77,11,1,0,1039.6349227691785,0,7193.7
78,0,0,0,1156.3975984918343,0,7526.56
78,1,0,0,1156.3975984918343,0,7208.57
78,2,0,0,1156.3975984918343,0,6892.32
78,3,0,0,1156.3975984918343,0,7078.95
78,4,0,0,1156.3975984918343,0,6792.98
78,5,0,0,1156.3975984918343,0,7386.41
78,6,1,0,1156.3975984918343,0,7436.47
78,7,1,0,1156.3975984918343,0,7424.53
78,8,1,0,1156.3975984918343,0,7795.27
78,9,1,0,1156.3975984918343,0,7861.59
78,10,1,0,1156.3975984918343,0,7600.43
78,11,1,0,1156.3975984918343,0,7208.28
79,0,0,0,922.6633650699404,0,6719.26
79,1,0,0,922.6633650699404,0,6745.64
79,2,0,0,922.6633650699404,0,6731.52
79,3,0,0,922.6633650699404,0,6919.38
79,4,0,0,922.6633650699404,0,6487.2
79,5,0,0,922.6633650699404,0,7225.38
79,6,1,0,922.6633650699404,0,6612.38
79,7,1,0,922.6633650699404,0,7028.29
79,8,1,0,922.6633650699404,0,6532.24
79,9,1,0,922.6633650699404,0,6738.8
79,10,1,0,922.6633650699404,0,7317.06
79,11,1,0,922.6633650699404,0,6966.06
80,0,0,1,1114.193809389353,1,7904.53
80,1,0,1,1114.193809389353,1,7811.87
80,2,0,1,1114.193809389353,1,7776.65
80,3,0,1,1114.193809389353,1,8139.79
80,4,0,1,1114.193809389353,1,7827.68
80,5,0,1,1114.193809389353,1,7527.98
80,6,1,1,1114.193809389353,1,8633.03
80,7,1,1,1114.193809389353,1,8971.0
80,8,1,1,1114.193809389353,1,8976.75
80,9,1,1,1114.193809389353,1,8584.99
80,10,1,1,1114.193809389353,1,8810.39
80,11,1,1,1114.193809389353,1,8881.76
81,0,0,0,834.5185147333372,0,6256.25
81,1,0,0,834.5185147333372,0,6073.95
81,2,0,0,834.5185147333372,0,6278.41
81,3,0,0,834.5185147333372,0,6296.36
81,4,0,0,834.5185147333372,0,6666.39
81,5,0,0,834.5185147333372,0,6714.66
81,6,1,0,834.5185147333372,0,6544.57
81,7,1,0,834.5185147333372,0,6530.4
81,8,1,0,834.5185147333372,0,6687.44
81,9,1,0,834.5185147333372,0,6517.01
81,10,1,0,834.5185147333372,0,6484.35
81,11,1,0,834.5185147333372,0,6569.8
82,0,0,0,909.2365383587321,0,6406.2
82,1,0,0,909.2365383587321,0,6329.9
82,2,0,0,909.2365383587321,0,6661.52
82,3,0,0,909.2365383587321,0,6826.4
82,4,0,0,909.2365383587321,0,6356.7
82,5,0,0,909.2365383587321,0,6751.39
82,6,1,0,909.2365383587321,0,6737.48
82,7,1,0,909.2365383587321,0,6900.99
82,8,1,0,909.2365383587321,0,6863.02
82,9,1,0,909.2365383587321,0,6586.07
82,10,1,0,909.2365383587321,0,6668.14
82,11,1,0,909.2365383587321,0,6992.34
83,0,0,0,904.5655265004177,0,6759.12
83,1,0,0,904.5655265004177,0,6085.66
83,2,0,0,904.5655265004177,0,6688.84
83,3,0,0,904.5655265004177,0,6914.5
83,4,0,0,904.5655265004177,0,6659.12
83,5,0,0,904.5655265004177,0,6853.83
83,6,1,0,904.5655265004177,0,6618.11
83,7,1,0,904.5655265004177,0,6786.52
83,8,1,0,904.5655265004177,0,6496.18
83,9,1,0,904.5655265004177,0,6377.03
83,10,1,0,904.5655265004177,0,7140.19
83,11,1,0,904.5655265004177,0,6756.08
84,0,0,0,701.0400886027401,0,5862.7
84,1,0,0,701.0400886027401,0,5697.89
84,2,0,0,701.0400886027401,0,5732.72
84,3,0,0,701.0400886027401,0,6044.67
84,4,0,0,701.0400886027401,0,5962.41
84,5,0,0,701.0400886027401,0,6246.07
84,6,1,0,701.0400886027401,0,6302.47
84,7,1,0,701.0400886027401,0,6313.5
84,8,1,0,701.0400886027401,0,6335.4
84,9,1,0,701.0400886027401,0,6670.02
84,10,1,0,701.0400886027401,0,6128.04
84,11,1,0,701.0400886027401,0,6390.83
85,0,0,0,1121.7431201963955,0,7390.07
85,1,0,0,1121.7431201963955,0,7459.08
85,2,0,0,1121.7431201963955,0,6908.09
85,3,0,0,1121.7431201963955,0,7192.16
85,4,0,0,1121.7431201963955,0,7599.67
85,5,0,0,1121.7431201963955,0,7452.66
85,6,1,0,1121.7431201963955,0,7423.84
85,7,1,0,1121.7431201963955,0,7372.99
85,8,1,0,1121.7431201963955,0,7376.44
85,9,1,0,1121.7431201963955,0,7564.29
85,10,1,0,1121.7431201963955,0,7485.36
85,11,1,0,1121.7431201963955,0,7571.51
86,0,0,1,882.6494149493191,1,7088.71
86,1,0,1,882.6494149493191,1,6962.24
86,2,0,1,882.6494149493191,1,7268.49
86,3,0,1,882.6494149493191,1,7832.55
86,4,0,1,882.6494149493191,1,6840.48
86,5,0,1,882.6494149493191,1,7342.7
86,6,1,1,882.6494149493191,1,7994.18
86,7,1,1,882.6494149493191,1,8328.45
86,8,1,1,882.6494149493191,1,8251.66
86,9,1,1,882.6494149493191,1,8449.03
86,10,1,1,882.6494149493191,1,8580.03
86,11,1,1,882.6494149493191,1,8403.75
87,0,0,1,1003.1235296819218,0,7057.8
87,1,0,1,1003.1235296819218,0,6333.0
87,2,0,1,1003.1235296819218,0,7238.65
87,3,0,1,1003.1235296819218,0,7011.26
87,4,0,1,1003.1235296819218,0,7205.87
87,5,0,1,1003.1235296819218,0,6740.37
87,6,1,1,1003.1235296819218,0,7715.98
87,7,1,1,1003.1235296819218,0,7970.85
87,8,1,1,1003.1235296819218,0,7975.0
87,9,1,1,1003.1235296819218,0,8081.02
87,10,1,1,1003.1235296819218,0,8297.34
87,11,1,1,1003.1235296819218,0,7710.4
88,0,0,1,1120.1866647264771,1,7950.76
88,1,0,1,1120.1866647264771,1,7778.34
88,2,0,1,1120.1866647264771,1,7771.69
88,3,0,1,1120.1866647264771,1,7532.88
88,4,0,1,1120.1866647264771,1,8007.19
88,5,0,1,1120.1866647264771,1,7405.42
88,6,1,1,1120.1866647264771,1,8969.17
88,7,1,1,1120.1866647264771,1,8538.26
88,8,1,1,1120.1866647264771,1,8918.28
88,9,1,1,1120.1866647264771,1,8920.31
88,10,1,1,1120.1866647264771,1,9243.82
88,11,1,1,1120.1866647264771,1,8987.22
89,0,0,1,1111.632794007486,0,6959.86
89,1,0,1,1111.632794007486,0,7041.12
89,2,0,1,1111.632794007486,0,7472.61
89,3,0,1,1111.632794007486,0,7350.56
89,4,0,1,1111.632794007486,0,7187.73
89,5,0,1,1111.632794007486,0,7260.55
89,6,1,1,1111.632794007486,0,7857.79
89,7,1,1,1111.632794007486,0,8328.04
89,8,1,1,1111.632794007486,0,7895.41
89,9,1,1,1111.632794007486,0,8487.97
89,10,1,1,1111.632794007486,0,8390.87
89,11,1,1,1111.632794007486,0,8927.7
90,0,0,1,1166.3462772431965,1,7623.74
90,1,0,1,1166.3462772431965,1,7883.18
90,2,0,1,1166.3462772431965,1,8341.39
90,3,0,1,1166.3462772431965,1,8247.88
90,4,0,1,1166.3462772431965,1,7872.6
90,5,0,1,1166.3462772431965,1,8115.04
90,6,1,1,1166.3462772431965,1,8956.21
90,7,1,1,1166.3462772431965,1,9057.8
90,8,1,1,1166.3462772431965,1,8882.06
90,9,1,1,1166.3462772431965,1,9056.12
90,10,1,1,1166.3462772431965,1,8764.2
90,11,1,1,1166.3462772431965,1,9185.5
91,0,0,1,975.3786288726441,1,7430.06
91,1,0,1,975.3786288726441,1,7321.03
91,2,0,1,975.3786288726441,1,7055.75
91,3,0,1,975.3786288726441,1,7668.54
91,4,0,1,975.3786288726441,1,7571.26
91,5,0,1,975.3786288726441,1,7371.34
91,6,1,1,975.3786288726441,1,8359.33
91,7,1,1,975.3786288726441,1,8130.91
91,8,1,1,975.3786288726441,1,8275.47
91,9,1,1,975.3786288726441,1,8422.74
91,10,1,1,975.3786288726441,1,8851.31
91,11,1,1,975.3786288726441,1,8480.37
92,0,0,1,894.1754219889616,1,7244.54
92,1,0,1,894.1754219889616,1,7025.26
92,2,0,1,894.1754219889616,1,7238.24
92,3,0,1,894.1754219889616,1,7192.58
92,4,0,1,894.1754219889616,1,7455.76
92,5,0,1,894.1754219889616,1,7186.03
92,6,1,1,894.1754219889616,1,7847.73
92,7,1,1,894.1754219889616,1,7929.66
92,8,1,1,894.1754219889616,1,8156.68
92,9,1,1,894.1754219889616,1,8038.9
92,10,1,1,894.1754219889616,1,8443.94
92,11,1,1,894.1754219889616,1,8291.22
93,0,0,1,980.0704472734002,1,7866.61
93,1,0,1,980.0704472734002,1,7001.9
93,2,0,1,980.0704472734002,1,7469.0
93,3,0,1,980.0704472734002,1,7216.05
93,4,0,1,980.0704472734002,1,7395.65
93,5,0,1,980.0704472734002,1,7575.31
93,6,1,1,980.0704472734002,1,7922.62
93,7,1,1,980.0704472734002,1,8526.3
93,8,1,1,980.0704472734002,1,8932.84
93,9,1,1,980.0704472734002,1,8454.44
93,10,1,1,980.0704472734002,1,8651.35
93,11,1,1,980.0704472734002,1,8859.68
94,0,0,1,578.1663915104925,1,6182.8
94,1,0,1,578.1663915104925,1,6131.05
94,2,0,1,578.1663915104925,1,5798.2
94,3,0,1,578.1663915104925,1,6479.88
94,4,0,1,578.1663915104925,1,6353.97
94,5,0,1,578.1663915104925,1,6196.08
94,6,1,1,578.1663915104925,1,7336.72
94,7,1,1,578.1663915104925,1,7220.46
94,8,1,1,578.1663915104925,1,7272.61
94,9,1,1,578.1663915104925,1,7562.25
94,10,1,1,578.1663915104925,1,7174.42
94,11,1,1,578.1663915104925,1,7739.28
95,0,0,1,638.2218818942282,1,6079.53
95,1,0,1,638.2218818942282,1,6281.23
95,2,0,1,638.2218818942282,1,6890.07
95,3,0,1,638.2218818942282,1,6755.04
95,4,0,1,638.2218818942282,1,6568.49
95,5,0,1,638.2218818942282,1,6380.1
95,6,1,1,638.2218818942282,1,7360.58
95,7,1,1,638.2218818942282,1,7533.14
95,8,1,1,638.2218818942282,1,7565.28
95,9,1,1,638.2218818942282,1,7577.03
95,10,1,1,638.2218818942282,1,7630.24
95,11,1,1,638.2218818942282,1,7629.86
96,0,0,0,669.3250969113994,1,6156.87
96,1,0,0,669.3250969113994,1,6400.48
96,2,0,0,669.3250969113994,1,6755.33
96,3,0,0,669.3250969113994,1,6293.08
96,4,0,0,669.3250969113994,1,6592.41
96,5,0,0,669.3250969113994,1,6493.76
96,6,1,0,669.3250969113994,1,6738.61
96,7,1,0,669.3250969113994,1,6668.61
96,8,1,0,669.3250969113994,1,7119.14
96,9,1,0,669.3250969113994,1,6945.56
96,10,1,0,669.3250969113994,1,6585.51
96,11,1,0,669.3250969113994,1,7061.78
97,0,0,1,750.6882930996296,0,5931.5
97,1,0,1,750.6882930996296,0,6014.99
97,2,0,1,750.6882930996296,0,6250.97
97,3,0,1,750.6882930996296,0,6113.74
97,4,0,1,750.6882930996296,0,6458.36
97,5,0,1,750.6882930996296,0,6131.54
97,6,1,1,750.6882930996296,0,7055.76
97,7,1,1,750.6882930996296,0,7087.53
97,8,1,1,750.6882930996296,0,7147.49
97,9,1,1,750.6882930996296,0,7553.75
97,10,1,1,750.6882930996296,0,7490.26
97,11,1,1,750.6882930996296,0,7768.11
98,0,0,0,1099.943556680859,0,7578.72
98,1,0,0,1099.943556680859,0,6893.08
98,2,0,0,1099.943556680859,0,7175.33
98,3,0,0,1099.943556680859,0,6941.08
98,4,0,0,1099.943556680859,0,7068.77
98,5,0,0,1099.943556680859,0,7141.22
98,6,1,0,1099.943556680859,0,7087.27
98,7,1,0,1099.943556680859,0,7128.43
98,8,1,0,1099.943556680859,0,7368.1
98,9,1,0,1099.943556680859,0,7172.16
98,10,1,0,1099.943556680859,0,7665.11
98,11,1,0,1099.943556680859,0,7317.94
99,0,0,0,773.6302361599849,0,6784.27
99,1,0,0,773.6302361599849,0,6106.86
99,2,0,0,773.6302361599849,0,6262.01
99,3,0,0,773.6302361599849,0,6001.19
99,4,0,0,773.6302361599849,0,6701.5
99,5,0,0,773.6302361599849,0,6612.45
99,6,1,0,773.6302361599849,0,6471.49
99,7,1,0,773.6302361599849,0,6149.87
99,8,1,0,773.6302361599849,0,6532.51
99,9,1,0,773.6302361599849,0,6279.45
99,10,1,0,773.6302361599849,0,6887.88
99,11,1,0,773.6302361599849,0,6784.19
100,0,0,1,905.4593614901526,1,7156.28
100,1,0,1,905.4593614901526,1,6639.28
100,2,0,1,905.4593614901526,1,6998.93
100,3,0,1,905.4593614901526,1,7406.59
100,4,0,1,905.4593614901526,1,7562.12
100,5,0,1,905.4593614901526,1,7579.3
100,6,1,1,905.4593614901526,1,7875.04
100,7,1,1,905.4593614901526,1,8331.63
100,8,1,1,905.4593614901526,1,8528.7
100,9,1,1,905.4593614901526,1,7980.45
100,10,1,1,905.4593614901526,1,8383.55
100,11,1,1,905.4593614901526,1,8485.53
101,0,0,0,1324.8070744465163,0,7643.29
101,1,0,0,1324.8070744465163,0,7341.98
101,2,0,0,1324.8070744465163,0,7717.81
101,3,0,0,1324.8070744465163,0,7757.45
101,4,0,0,1324.8070744465163,0,7836.88
101,5,0,0,1324.8070744465163,0,7785.5
101,6,1,0,1324.8070744465163,0,7852.0
101,7,1,0,1324.8070744465163,0,7980.72
101,8,1,0,1324.8070744465163,0,8126.8
101,9,1,0,1324.8070744465163,0,8002.49
101,10,1,0,1324.8070744465163,0,8019.34
101,11,1,0,1324.8070744465163,0,8169.78
102,0,0,0,910.9340072346436,0,6128.01
102,1,0,0,910.9340072346436,0,6695.56
102,2,0,0,910.9340072346436,0,6630.49
102,3,0,0,910.9340072346436,0,6679.35
102,4,0,0,910.9340072346436,0,6921.98
102,5,0,0,910.9340072346436,0,6321.0
102,6,1,0,910.9340072346436,0,6356.37
102,7,1,0,910.9340072346436,0,6890.85
102,8,1,0,910.9340072346436,0,6869.05
102,9,1,0,910.9340072346436,0,6948.05
102,10,1,0,910.9340072346436,0,6848.95
102,11,1,0,910.9340072346436,0,7136.77
103,0,0,1,1184.3788921167716,1,8121.44
103,1,0,1,1184.3788921167716,1,8062.74
103,2,0,1,1184.3788921167716,1,7938.88
103,3,0,1,1184.3788921167716,1,7572.57
103,4,0,1,1184.3788921167716,1,8245.49
103,5,0,1,1184.3788921167716,1,8385.04
103,6,1,1,1184.3788921167716,1,9148.06
103,7,1,1,1184.3788921167716,1,8852.74
103,8,1,1,1184.3788921167716,1,9234.5
103,9,1,1,1184.3788921167716,1,9315.58
103,10,1,1,1184.3788921167716,1,9509.2
103,11,1,1,1184.3788921167716,1,9013.52
104,0,0,0,766.5955799975308,0,6096.65
104,1,0,0,766.5955799975308,0,6350.87
104,2,0,0,766.5955799975308,0,6239.1
104,3,0,0,766.5955799975308,0,6020.66
104,4,0,0,766.5955799975308,0,6397.68
104,5,0,0,766.5955799975308,0,6473.77
104,6,1,0,766.5955799975308,0,6405.82
104,7,1,0,766.5955799975308,0,6474.78
104,8,1,0,766.5955799975308,0,6409.55
104,9,1,0,766.5955799975308,0,6831.69
104,10,1,0,766.5955799975308,0,6348.32
104,11,1,0,766.5955799975308,0,6457.26
105,0,0,0,948.6406105330925,0,6658.61
105,1,0,0,948.6406105330925,0,6889.56
105,2,0,0,948.6406105330925,0,6406.77
105,3,0,0,948.6406105330925,0,6487.93
105,4,0,0,948.6406105330925,0,6367.89
105,5,0,0,948.6406105330925,0,6863.39
105,6,1,0,948.6406105330925,0,6650.17
105,7,1,0,948.6406105330925,0,6851.59
105,8,1,0,948.6406105330925,0,7121.7
105,9,1,0,948.6406105330925,0,6875.05
105,10,1,0,948.6406105330925,0,7107.08
105,11,1,0,948.6406105330925,0,7030.34
106,0,0,0,762.4944862723547,0,6282.85
106,1,0,0,762.4944862723547,0,6279.51
106,2,0,0,762.4944862723547,0,6062.76
106,3,0,0,762.4944862723547,0,6217.88
106,4,0,0,762.4944862723547,0,6524.61
106,5,0,0,762.4944862723547,0,6421.53
106,6,1,0,762.4944862723547,0,6067.65
106,7,1,0,762.4944862723547,0,6559.22
106,8,1,0,762.4944862723547,0,6216.37
106,9,1,0,762.4944862723547,0,6805.74
106,10,1,0,762.4944862723547,0,6760.29
106,11,1,0,762.4944862723547,0,6638.76
107,0,0,1,915.2417310248594,0,6597.27
107,1,0,1,915.2417310248594,0,6556.69
107,2,0,1,915.2417310248594,0,6791.95
107,3,0,1,915.2417310248594,0,6601.11
107,4,0,1,915.2417310248594,0,6774.5
107,5,0,1,915.2417310248594,0,6954.5
107,6,1,1,915.2417310248594,0,7529.08
107,7,1,1,915.2417310248594,0,7557.11
107,8,1,1,915.2417310248594,0,7469.92
107,9,1,1,915.2417310248594,0,7538.49
107,10,1,1,915.2417310248594,0,7410.43
107,11,1,1,915.2417310248594,0,8013.24
108,0,0,1,1210.077034364349,0,7786.18
108,1,0,1,1210.077034364349,0,7741.79
108,2,0,1,1210.077034364349,0,7110.48
108,3,0,1,1210.077034364349,0,7667.68
108,4,0,1,1210.077034364349,0,7861.08
108,5,0,1,1210.077034364349,0,7487.72
108,6,1,1,1210.077034364349,0,8500.53
108,7,1,1,1210.077034364349,0,8076.48
108,8,1,1,1210.077034364349,0,8616.9
108,9,1,1,1210.077034364349,0,8364.23
108,10,1,1,1210.077034364349,0,8682.14
108,11,1,1,1210.077034364349,0,8334.75
109,0,0,0,568.1698942019128,0,5710.3
109,1,0,0,568.1698942019128,0,5856.27
109,2,0,0,568.1698942019128,0,5498.58
109,3,0,0,568.1698942019128,0,5460.75
109,4,0,0,568.1698942019128,0,5276.55
109,5,0,0,568.1698942019128,0,5732.26
109,6,1,0,568.1698942019128,0,5702.93
109,7,1,0,568.1698942019128,0,5529.65
109,8,1,0,568.1698942019128,0,6010.54
109,9,1,0,568.1698942019128,0,5851.88
109,10,1,0,568.1698942019128,0,5754.21
109,11,1,0,568.1698942019128,0,5908.87
110,0,0,1,1108.6059108864642,0,7339.78
110,1,0,1,1108.6059108864642,0,7276.74
110,2,0,1,1108.6059108864642,0,7155.49
110,3,0,1,1108.6059108864642,0,7360.3
110,4,0,1,1108.6059108864642,0,7008.7
110,5,0,1,1108.6059108864642,0,7311.22
110,6,1,1,1108.6059108864642,0,8226.51
110,7,1,1,1108.6059108864642,0,8130.73
110,8,1,1,1108.6059108864642,0,8369.9
110,9,1,1,1108.6059108864642,0,8142.4
110,10,1,1,1108.6059108864642,0,8466.26
110,11,1,1,1108.6059108864642,0,8515.51
111,0,0,0,1059.4339005830695,0,6324.64
111,1,0,0,1059.4339005830695,0,7268.28
111,2,0,0,1059.4339005830695,0,6375.94
111,3,0,0,1059.4339005830695,0,6950.88
111,4,0,0,1059.4339005830695,0,7351.99
111,5,0,0,1059.4339005830695,0,7096.61
111,6,1,0,1059.4339005830695,0,6883.85
111,7,1,0,1059.4339005830695,0,7005.79
111,8,1,0,1059.4339005830695,0,7512.33
111,9,1,0,1059.4339005830695,0,6903.68
111,10,1,0,1059.4339005830695,0,7614.79
111,11,1,0,1059.4339005830695,0,7394.29
112,0,0,0,851.4625110758013,0,6121.77
112,1,0,0,851.4625110758013,0,6295.81
112,2,0,0,851.4625110758013,0,6240.31
112,3,0,0,851.4625110758013,0,6694.66
112,4,0,0,851.4625110758013,0,6705.23
112,5,0,0,851.4625110758013,0,6205.88
112,6,1,0,851.4625110758013,0,6535.3
112,7,1,0,851.4625110758013,0,6474.19
112,8,1,0,851.4625110758013,0,6988.67
112,9,1,0,851.4625110758013,0,6447.07
112,10,1,0,851.4625110758013,0,7137.03
112,11,1,0,851.4625110758013,0,6816.77
113,0,0,0,638.4855364028863,1,6132.13
113,1,0,0,638.4855364028863,1,6278.76
113,2,0,0,638.4855364028863,1,6291.4
113,3,0,0,638.4855364028863,1,6227.34
113,4,0,0,638.4855364028863,1,6568.62
113,5,0,0,638.4855364028863,1,6317.62
113,6,1,0,638.4855364028863,1,6148.08
113,7,1,0,638.4855364028863,1,6584.23
113,8,1,0,638.4855364028863,1,6311.13
113,9,1,0,638.4855364028863,1,6582.28
113,10,1,0,638.4855364028863,1,6587.76
113,11,1,0,638.4855364028863,1,6636.09
114,0,0,0,1018.0323769284673,0,7290.7
114,1,0,0,1018.0323769284673,0,6902.9
114,2,0,0,1018.0323769284673,0,6984.47
114,3,0,0,1018.0323769284673,0,6579.68
114,4,0,0,1018.0323769284673,0,6866.62
114,5,0,0,1018.0323769284673,0,7097.86
114,6,1,0,1018.0323769284673,0,6865.09
114,7,1,0,1018.0323769284673,0,7330.26
114,8,1,0,1018.0323769284673,0,6905.9
114,9,1,0,1018.0323769284673,0,7147.49
114,10,1,0,1018.0323769284673,0,7121.56
114,11,1,0,1018.0323769284673,0,7326.64
115,0,0,0,867.6268227340494,1,6888.45
115,1,0,0,867.6268227340494,1,7009.76
115,2,0,0,867.6268227340494,1,7057.41
115,3,0,0,867.6268227340494,1,6987.79
115,4,0,0,867.6268227340494,1,7296.08
115,5,0,0,867.6268227340494,1,7281.8
115,6,1,0,867.6268227340494,1,7249.86
115,7,1,0,867.6268227340494,1,7214.65
115,8,1,0,867.6268227340494,1,7524.59
115,9,1,0,867.6268227340494,1,7337.47
115,10,1,0,867.6268227340494,1,7361.88
115,11,1,0,867.6268227340494,1,7492.39
116,0,0,0,1058.169052838676,1,7936.12
116,1,0,0,1058.169052838676,1,7307.99
116,2,0,0,1058.169052838676,1,7812.24
116,3,0,0,1058.169052838676,1,7266.38
116,4,0,0,1058.169052838676,1,7770.67
116,5,0,0,1058.169052838676,1,8109.39
116,6,1,0,1058.169052838676,1,7910.38
116,7,1,0,1058.169052838676,1,7880.41
116,8,1,0,1058.169052838676,1,7759.57
116,9,1,0,1058.169052838676,1,7929.7
116,10,1,0,1058.169052838676,1,7907.42
116,11,1,0,1058.169052838676,1,7829.96
117,0,0,0,1005.4630363808607,0,6751.52
117,1,0,0,1005.4630363808607,0,6898.94
117,2,0,0,1005.4630363808607,0,6726.51
117,3,0,0,1005.4630363808607,0,6757.91
117,4,0,0,1005.4630363808607,0,6676.04
117,5,0,0,1005.4630363808607,0,7101.26
117,6,1,0,1005.4630363808607,0,7175.27
117,7,1,0,1005.4630363808607,0,7146.26
117,8,1,0,1005.4630363808607,0,7347.63
117,9,1,0,1005.4630363808607,0,7194.63
117,10,1,0,1005.4630363808607,0,7301.54
117,11,1,0,1005.4630363808607,0,7322.14
118,0,0,1,1400.4447228302288,0,7901.11
118,1,0,1,1400.4447228302288,0,7844.46
118,2,0,1,1400.4447228302288,0,8488.36
118,3,0,1,1400.4447228302288,0,7941.82
118,4,0,1,1400.4447228302288,0,7934.75
118,5,0,1,1400.4447228302288,0,8216.73
118,6,1,1,1400.4447228302288,0,9066.65
118,7,1,1,1400.4447228302288,0,8742.19
118,8,1,1,1400.4447228302288,0,9338.23
118,9,1,1,1400.4447228302288,0,9110.52
118,10,1,1,1400.4447228302288,0,8926.84
118,11,1,1,1400.4447228302288,0,9472.78
119,0,0,1,940.1610931317439,0,6770.1
119,1,0,1,940.1610931317439,0,6394.25
119,2,0,1,940.1610931317439,0,7103.43
119,3,0,1,940.1610931317439,0,6897.39
119,4,0,1,940.1610931317439,0,6790.21
119,5,0,1,940.1610931317439,0,7182.3
119,6,1,1,940.1610931317439,0,7757.5
119,7,1,1,940.1610931317439,0,7756.27
119,8,1,1,940.1610931317439,0,7657.19
119,9,1,1,940.1610931317439,0,7970.46
119,10,1,1,940.1610931317439,0,7987.3
119,11,1,1,940.1610931317439,0,7925.68
120,0,0,1,744.1256268445338,1,6509.75
120,1,0,1,744.1256268445338,1,6752.14
120,2,0,1,744.1256268445338,1,6748.2
120,3,0,1,744.1256268445338,1,6510.19
120,4,0,1,744.1256268445338,1,6519.75
120,5,0,1,744.1256268445338,1,7007.89
120,6,1,1,744.1256268445338,1,7201.14
120,7,1,1,744.1256268445338,1,7858.74
120,8,1,1,744.1256268445338,1,7748.37
120,9,1,1,744.1256268445338,1,8181.37
120,10,1,1,744.1256268445338,1,7824.99
120,11,1,1,744.1256268445338,1,8118.64
121,0,0,1,1044.818908739079,1,7438.17
121,1,0,1,1044.818908739079,1,7590.52
121,2,0,1,1044.818908739079,1,7767.6
121,3,0,1,1044.818908739079,1,7543.73
121,4,0,1,1044.818908739079,1,7904.74
121,5,0,1,1044.818908739079,1,7506.88
121,6,1,1,1044.818908739079,1,8680.3
121,7,1,1,1044.818908739079,1,8858.47
121,8,1,1,1044.818908739079,1,8840.7
121,9,1,1,1044.818908739079,1,9157.11
121,10,1,1,1044.818908739079,1,8607.54
121,11,1,1,1044.818908739079,1,8512.08
122,0,0,0,1054.9991709929413,1,7335.24
122,1,0,0,1054.9991709929413,1,7739.3
122,2,0,0,1054.9991709929413,1,7743.54
122,3,0,0,1054.9991709929413,1,7696.49
122,4,0,0,1054.9991709929413,1,7466.95
122,5,0,0,1054.9991709929413,1,7922.71
122,6,1,0,1054.9991709929413,1,7524.56
122,7,1,0,1054.9991709929413,1,8088.97
122,8,1,0,1054.9991709929413,1,8502.63
122,9,1,0,1054.9991709929413,1,7994.62
122,10,1,0,1054.9991709929413,1,8082.28
122,11,1,0,1054.9991709929413,1,7885.57
123,0,0,0,1339.7968938101092,0,7353.18
123,1,0,0,1339.7968938101092,0,7658.83
123,2,0,0,1339.7968938101092,0,7590.99
123,3,0,0,1339.7968938101092,0,7553.09
123,4,0,0,1339.7968938101092,0,8290.35
123,5,0,0,1339.7968938101092,0,8011.46
123,6,1,0,1339.7968938101092,0,8074.96
123,7,1,0,1339.7968938101092,0,7963.45
123,8,1,0,1339.7968938101092,0,8033.4
123,9,1,0,1339.7968938101092,0,8323.63
123,10,1,0,1339.7968938101092,0,8144.32
123,11,1,0,1339.7968938101092,0,8308.18
124,0,0,1,1208.7778114786447,1,7941.46
124,1,0,1,1208.7778114786447,1,7949.3
124,2,0,1,1208.7778114786447,1,7755.06
124,3,0,1,1208.7778114786447,1,7669.47
124,4,0,1,1208.7778114786447,1,8087.03
124,5,0,1,1208.7778114786447,1,8197.01
124,6,1,1,1208.7778114786447,1,8791.63
124,7,1,1,1208.7778114786447,1,9106.99
124,8,1,1,1208.7778114786447,1,9166.4
124,9,1,1,1208.7778114786447,1,8720.26
124,10,1,1,1208.7778114786447,1,9033.25
124,11,1,1,1208.7778114786447,1,9364.18
125,0,0,1,1089.2177647873773,0,7134.96
125,1,0,1,1089.2177647873773,0,6836.0
125,2,0,1,1089.2177647873773,0,7164.67
125,3,0,1,1089.2177647873773,0,7394.74
125,4,0,1,1089.2177647873773,0,7380.77
125,5,0,1,1089.2177647873773,0,7228.85
125,6,1,1,1089.2177647873773,0,8036.85
125,7,1,1,1089.2177647873773,0,8041.35
125,8,1,1,1089.2177647873773,0,8322.73
125,9,1,1,1089.2177647873773,0,8302.73
125,10,1,1,1089.2177647873773,0,8438.28
125,11,1,1,1089.2177647873773,0,8368.82
126,0,0,1,1365.8257228048906,1,8604.44
126,1,0,1,1365.8257228048906,1,8485.12
126,2,0,1,1365.8257228048906,1,8676.94
126,3,0,1,1365.8257228048906,1,8735.89
126,4,0,1,1365.8257228048906,1,8407.32
126,5,0,1,1365.8257228048906,1,8226.52
126,6,1,1,1365.8257228048906,1,9853.88
126,7,1,1,1365.8257228048906,1,9610.78
126,8,1,1,1365.8257228048906,1,9217.13
126,9,1,1,1365.8257228048906,1,9477.27
126,10,1,1,1365.8257228048906,1,9844.12
126,11,1,1,1365.8257228048906,1,9652.78
127,0,0,0,702.8092364192873,0,5855.21
127,1,0,0,702.8092364192873,0,6316.06
127,2,0,0,702.8092364192873,0,5817.46
127,3,0,0,702.8092364192873,0,5912.27
127,4,0,0,702.8092364192873,0,6174.37
127,5,0,0,702.8092364192873,0,6253.77
127,6,1,0,702.8092364192873,0,6317.06
127,7,1,0,702.8092364192873,0,6448.34
127,8,1,0,702.8092364192873,0,6331.55
127,9,1,0,702.8092364192873,0,6435.53
127,10,1,0,702.8092364192873,0,6310.84
127,11,1,0,702.8092364192873,0,6421.66
128,0,0,1,840.0621168125631,1,6975.83
128,1,0,1,840.0621168125631,1,7039.5
128,2,0,1,840.0621168125631,1,7202.13
128,3,0,1,840.0621168125631,1,7194.31
128,4,0,1,840.0621168125631,1,7121.9
128,5,0,1,840.0621168125631,1,6974.17
128,6,1,1,840.0621168125631,1,8057.06
128,7,1,1,840.0621168125631,1,8076.01
128,8,1,1,840.0621168125631,1,8164.67
128,9,1,1,840.0621168125631,1,8647.61
128,10,1,1,840.0621168125631,1,8086.94
128,11,1,1,840.0621168125631,1,8335.08
129,0,0,0,768.3560146486188,1,6986.46
129,1,0,0,768.3560146486188,1,6812.96
129,2,0,0,768.3560146486188,1,7345.72
129,3,0,0,768.3560146486188,1,6788.23
129,4,0,0,768.3560146486188,1,6982.7
129,5,0,0,768.3560146486188,1,6775.66
129,6,1,0,768.3560146486188,1,6914.06
129,7,1,0,768.3560146486188,1,7086.16
129,8,1,0,768.3560146486188,1,7257.58
129,9,1,0,768.3560146486188,1,7181.6
129,10,1,0,768.3560146486188,1,7428.4
129,11,1,0,768.3560146486188,1,7170.5
130,0,0,0,902.547549211058,0,6454.06
130,1,0,0,902.547549211058,0,7162.01
130,2,0,0,902.547549211058,0,6693.87
130,3,0,0,902.547549211058,0,6488.85
130,4,0,0,902.547549211058,0,6534.4
130,5,0,0,902.547549211058,0,6519.74
130,6,1,0,902.547549211058,0,6973.18
130,7,1,0,902.547549211058,0,6726.97
130,8,1,0,902.547549211058,0,6875.15
130,9,1,0,902.547549211058,0,6873.16
130,10,1,0,902.547549211058,0,7088.06
130,11,1,0,902.547549211058,0,6780.85
131,0,0,1,655.8284631109228,1,6199.69
131,1,0,1,655.8284631109228,1,6525.67
131,2,0,1,655.8284631109228,1,6648.53
131,3,0,1,655.8284631109228,1,6629.48
131,4,0,1,655.8284631109228,1,6418.24
131,5,0,1,655.8284631109228,1,6785.37
131,6,1,1,655.8284631109228,1,7362.67
131,7,1,1,655.8284631109228,1,7451.58
131,8,1,1,655.8284631109228,1,7398.65
131,9,1,1,655.8284631109228,1,7932.57
131,10,1,1,655.8284631109228,1,7825.67
131,11,1,1,655.8284631109228,1,7859.42
132,0,0,1,1158.787736703601,0,7518.99
132,1,0,1,1158.787736703601,0,7903.39
132,2,0,1,1158.787736703601,0,6948.58
132,3,0,1,1158.787736703601,0,7202.16
132,4,0,1,1158.787736703601,0,7269.05
132,5,0,1,1158.787736703601,0,7257.43
132,6,1,1,1158.787736703601,0,8097.54
132,7,1,1,1158.787736703601,0,8308.68
132,8,1,1,1158.787736703601,0,8146.95
132,9,1,1,1158.787736703601,0,8528.31
132,10,1,1,1158.787736703601,0,8505.98
132,11,1,1,1158.787736703601,0,8640.43
133,0,0,1,944.4443257253066,1,7356.14
133,1,0,1,944.4443257253066,1,7417.11
133,2,0,1,944.4443257253066,1,7242.29
133,3,0,1,944.4443257253066,1,7831.1
133,4,0,1,944.4443257253066,1,7456.02
133,5,0,1,944.4443257253066,1,7034.7
133,6,1,1,944.4443257253066,1,8113.92
133,7,1,1,944.4443257253066,1,7991.53
133,8,1,1,944.4443257253066,1,8418.26
133,9,1,1,944.4443257253066,1,8427.65
133,10,1,1,944.4443257253066,1,8391.39
133,11,1,1,944.4443257253066,1,8976.85
134,0,0,0,632.2984263743356,0,5891.21
134,1,0,0,632.2984263743356,0,5970.18
134,2,0,0,632.2984263743356,0,5645.6
134,3,0,0,632.2984263743356,0,5670.62
134,4,0,0,632.2984263743356,0,5938.53
134,5,0,0,632.2984263743356,0,6008.5
134,6,1,0,632.2984263743356,0,5602.05
134,7,1,0,632.2984263743356,0,6010.77
134,8,1,0,632.2984263743356,0,6093.53
134,9,1,0,632.2984263743356,0,6083.1
134,10,1,0,632.2984263743356,0,5991.49
134,11,1,0,632.2984263743356,0,6091.74
135,0,0,0,746.1052296981146,1,6650.19
135,1,0,0,746.1052296981146,1,6749.07
135,2,0,0,746.1052296981146,1,6902.15
135,3,0,0,746.1052296981146,1,7046.88
135,4,0,0,746.1052296981146,1,6784.34
135,5,0,0,746.1052296981146,1,6788.74
135,6,1,0,746.1052296981146,1,7025.38
135,7,1,0,746.1052296981146,1,7103.48
135,8,1,0,746.1052296981146,1,6913.57
135,9,1,0,746.1052296981146,1,7222.98
135,10,1,0,746.1052296981146,1,7304.6
135,11,1,0,746.1052296981146,1,7413.27
136,0,0,0,1078.3784618625489,0,7410.69
136,1,0,0,1078.3784618625489,0,6868.85
136,2,0,0,1078.3784618625489,0,7102.52
136,3,0,0,1078.3784618625489,0,7141.94
136,4,0,0,1078.3784618625489,0,7157.88
136,5,0,0,1078.3784618625489,0,7076.62
136,6,1,0,1078.3784618625489,0,6932.64
136,7,1,0,1078.3784618625489,0,7319.85
136,8,1,0,1078.3784618625489,0,7170.42
136,9,1,0,1078.3784618625489,0,7398.38
136,10,1,0,1078.3784618625489,0,7244.77
136,11,1,0,1078.3784618625489,0,7217.53
137,0,0,1,1209.5316419735952,1,8038.23
137,1,0,1,1209.5316419735952,1,8059.89
137,2,0,1,1209.5316419735952,1,8194.13
137,3,0,1,1209.5316419735952,1,8587.58
137,4,0,1,1209.5316419735952,1,8207.69
137,5,0,1,1209.5316419735952,1,8293.41
137,6,1,1,1209.5316419735952,1,8839.63
137,7,1,1,1209.5316419735952,1,8833.57
137,8,1,1,1209.5316419735952,1,9504.91
137,9,1,1,1209.5316419735952,1,8993.52
137,10,1,1,1209.5316419735952,1,9007.02
137,11,1,1,1209.5316419735952,1,9268.09
138,0,0,1,1499.1827229229466,1,8777.87
138,1,0,1,1499.1827229229466,1,8639.16
138,2,0,1,1499.1827229229466,1,8810.62
138,3,0,1,1499.1827229229466,1,9188.17
138,4,0,1,1499.1827229229466,1,8780.39
138,5,0,1,1499.1827229229466,1,8691.1
138,6,1,1,1499.1827229229466,1,10095.08
138,7,1,1,1499.1827229229466,1,10036.02
138,8,1,1,1499.1827229229466,1,9831.2
138,9,1,1,1499.1827229229466,1,9659.63
138,10,1,1,1499.1827229229466,1,9883.89
138,11,1,1,1499.1827229229466,1,10075.68
139,0,0,0,1728.4656165018323,1,9696.15
139,1,0,0,1728.4656165018323,1,9251.66
139,2,0,0,1728.4656165018323,1,9501.11
139,3,0,0,1728.4656165018323,1,9708.24
139,4,0,0,1728.4656165018323,1,9075.82
139,5,0,0,1728.4656165018323,1,9867.14
139,6,1,0,1728.4656165018323,1,9419.56
139,7,1,0,1728.4656165018323,1,9792.74
139,8,1,0,1728.4656165018323,1,9813.97
139,9,1,0,1728.4656165018323,1,10038.31
139,10,1,0,1728.4656165018323,1,9960.91
139,11,1,0,1728.4656165018323,1,9356.7
140,0,0,1,1103.602358318999,1,7517.44
140,1,0,1,1103.602358318999,1,7760.49
140,2,0,1,1103.602358318999,1,7727.19
140,3,0,1,1103.602358318999,1,7915.16
140,4,0,1,1103.602358318999,1,8023.75
140,5,0,1,1103.602358318999,1,8023.95
140,6,1,1,1103.602358318999,1,8732.95
140,7,1,1,1103.602358318999,1,8413.89
140,8,1,1,1103.602358318999,1,8759.88
140,9,1,1,1103.602358318999,1,8991.69
140,10,1,1,1103.602358318999,1,8700.19
140,11,1,1,1103.602358318999,1,9118.97
141,0,0,1,752.6154699920339,1,6907.17
141,1,0,1,752.6154699920339,1,6775.23
141,2,0,1,752.6154699920339,1,6113.29
141,3,0,1,752.6154699920339,1,6546.14
141,4,0,1,752.6154699920339,1,7282.28
141,5,0,1,752.6154699920339,1,6787.09
141,6,1,1,752.6154699920339,1,7360.81
141,7,1,1,752.6154699920339,1,8109.08
141,8,1,1,752.6154699920339,1,7880.26
141,9,1,1,752.6154699920339,1,8160.41
141,10,1,1,752.6154699920339,1,8018.25
141,11,1,1,752.6154699920339,1,8098.21
142,0,0,0,466.9884298171727,1,5987.43
142,1,0,0,466.9884298171727,1,6101.02
142,2,0,0,466.9884298171727,1,6488.6
142,3,0,0,466.9884298171727,1,6241.19
142,4,0,0,466.9884298171727,1,5719.89
142,5,0,0,466.9884298171727,1,6205.83
142,6,1,0,466.9884298171727,1,6398.69
142,7,1,0,466.9884298171727,1,6452.16
142,8,1,0,466.9884298171727,1,6133.71
142,9,1,0,466.9884298171727,1,6523.86
142,10,1,0,466.9884298171727,1,6511.67
142,11,1,0,466.9884298171727,1,6913.52
143,0,0,0,1066.927865585959,0,6822.4
143,1,0,0,1066.927865585959,0,6915.77
143,2,0,0,1066.927865585959,0,7000.05
143,3,0,0,1066.927865585959,0,6999.55
143,4,0,0,1066.927865585959,0,6951.59
143,5,0,0,1066.927865585959,0,6579.61
143,6,1,0,1066.927865585959,0,7131.76
143,7,1,0,1066.927865585959,0,7348.66
143,8,1,0,1066.927865585959,0,7198.89
143,9,1,0,1066.927865585959,0,7773.18
143,10,1,0,1066.927865585959,0,7390.34
143,11,1,0,1066.927865585959,0,7711.42
144,0,0,0,796.7647261724185,1,6888.45
144,1,0,0,796.7647261724185,1,7052.75
144,2,0,0,796.7647261724185,1,6972.37
144,3,0,0,796.7647261724185,1,7252.07
144,4,0,0,796.7647261724185,1,7003.25
144,5,0,0,796.7647261724185,1,7140.09
144,6,1,0,796.7647261724185,1,7151.53
144,7,1,0,796.7647261724185,1,7047.52
144,8,1,0,796.7647261724185,1,7240.04
144,9,1,0,796.7647261724185,1,7682.51
144,10,1,0,796.7647261724185,1,7171.45
144,11,1,0,796.7647261724185,1,7363.22
145,0,0,0,896.1606849550786,0,6785.96
145,1,0,0,896.1606849550786,0,6800.11
145,2,0,0,896.1606849550786,0,6591.83
145,3,0,0,896.1606849550786,0,6104.9
145,4,0,0,896.1606849550786,0,6782.92
145,5,0,0,896.1606849550786,0,6220.97
145,6,1,0,896.1606849550786,0,7072.64
145,7,1,0,896.1606849550786,0,6826.53
145,8,1,0,896.1606849550786,0,7049.18
145,9,1,0,896.1606849550786,0,6670.79
145,10,1,0,896.1606849550786,0,6567.7
145,11,1,0,896.1606849550786,0,7006.62
146,0,0,1,846.9758002350479,1,6964.14
146,1,0,1,846.9758002350479,1,6903.39
146,2,0,1,846.9758002350479,1,7070.16
146,3,0,1,846.9758002350479,1,7700.37
146,4,0,1,846.9758002350479,1,7315.13
146,5,0,1,846.9758002350479,1,7402.42
146,6,1,1,846.9758002350479,1,8247.2
146,7,1,1,846.9758002350479,1,8427.01
146,8,1,1,846.9758002350479,1,8099.72
146,9,1,1,846.9758002350479,1,7729.48
146,10,1,1,846.9758002350479,1,8180.04
146,11,1,1,846.9758002350479,1,8440.11
147,0,0,0,964.8022783959037,0,6488.09
147,1,0,0,964.8022783959037,0,6702.65
147,2,0,0,964.8022783959037,0,6629.26
147,3,0,0,964.8022783959037,0,7151.89
147,4,0,0,964.8022783959037,0,7026.33
147,5,0,0,964.8022783959037,0,7044.79
147,6,1,0,964.8022783959037,0,7078.2
147,7,1,0,964.8022783959037,0,6973.25
147,8,1,0,964.8022783959037,0,7064.91
147,9,1,0,964.8022783959037,0,6800.71
147,10,1,0,964.8022783959037,0,6620.43
147,11,1,0,964.8022783959037,0,7174.46
148,0,0,1,1266.4950576969109,1,8217.46
148,1,0,1,1266.4950576969109,1,8452.22
148,2,0,1,1266.4950576969109,1,8571.88
148,3,0,1,1266.4950576969109,1,8611.59
148,4,0,1,1266.4950576969109,1,8086.62
148,5,0,1,1266.4950576969109,1,8268.69
148,6,1,1,1266.4950576969109,1,9341.86
148,7,1,1,1266.4950576969109,1,9833.21
148,8,1,1,1266.4950576969109,1,9641.81
148,9,1,1,1266.4950576969109,1,9602.45
148,10,1,1,1266.4950576969109,1,9310.87
148,11,1,1,1266.4950576969109,1,9241.88
149,0,0,0,1039.2621418613362,1,7683.49
149,1,0,0,1039.2621418613362,1,7307.79
149,2,0,0,1039.2621418613362,1,7537.48
149,3,0,0,1039.2621418613362,1,7604.68
149,4,0,0,1039.2621418613362,1,8020.37
149,5,0,0,1039.2621418613362,1,7631.9
149,6,1,0,1039.2621418613362,1,7213.3
149,7,1,0,1039.2621418613362,1,7900.91
149,8,1,0,1039.2621418613362,1,7676.15
149,9,1,0,1039.2621418613362,1,7879.31
149,10,1,0,1039.2621418613362,1,7890.86
149,11,1,0,1039.2621418613362,1,7889.72
150,0,0,0,960.341290740328,0,6862.83
150,1,0,0,960.341290740328,0,6391.73
150,2,0,0,960.341290740328,0,6655.21
150,3,0,0,960.341290740328,0,6959.44
150,4,0,0,960.341290740328,0,6713.86
150,5,0,0,960.341290740328,0,6535.02
150,6,1,0,960.341290740328,0,7076.04
150,7,1,0,960.341290740328,0,7216.04
150,8,1,0,960.341290740328,0,6999.06
150,9,1,0,960.341290740328,0,6617.57
150,10,1,0,960.341290740328,0,7244.27
150,11,1,0,960.341290740328,0,6763.78
151,0,0,0,741.0865617935472,0,6142.98
151,1,0,0,741.0865617935472,0,5919.8
151,2,0,0,741.0865617935472,0,5899.88
151,3,0,0,741.0865617935472,0,6097.82
151,4,0,0,741.0865617935472,0,6194.72
151,5,0,0,741.0865617935472,0,6133.32
151,6,1,0,741.0865617935472,0,6444.56
151,7,1,0,741.0865617935472,0,6256.91
151,8,1,0,741.0865617935472,0,6610.68
151,9,1,0,741.0865617935472,0,6496.9
151,10,1,0,741.0865617935472,0,6321.58
151,11,1,0,741.0865617935472,0,6324.54
152,0,0,1,581.3292638239108,1,5865.27
152,1,0,1,581.3292638239108,1,6331.68
152,2,0,1,581.3292638239108,1,6229.71
152,3,0,1,581.3292638239108,1,5825.84
152,4,0,1,581.3292638239108,1,6269.86
152,5,0,1,581.3292638239108,1,6229.49
152,6,1,1,581.3292638239108,1,7664.37
152,7,1,1,581.3292638239108,1,6983.11
152,8,1,1,581.3292638239108,1,7080.62
152,9,1,1,581.3292638239108,1,7681.92
152,10,1,1,581.3292638239108,1,7776.21
152,11,1,1,581.3292638239108,1,7353.83
153,0,0,1,878.4230227316673,1,6920.53
153,1,0,1,878.4230227316673,1,7235.16
153,2,0,1,878.4230227316673,1,6627.62
153,3,0,1,878.4230227316673,1,6770.12
153,4,0,1,878.4230227316673,1,7157.82
153,5,0,1,878.4230227316673,1,7600.56
153,6,1,1,878.4230227316673,1,8053.72
153,7,1,1,878.4230227316673,1,8211.79
153,8,1,1,878.4230227316673,1,8479.02
153,9,1,1,878.4230227316673,1,8733.1
153,10,1,1,878.4230227316673,1,8182.68
153,11,1,1,878.4230227316673,1,8345.88
154,0,0,1,986.5543622954199,0,7163.2
154,1,0,1,986.5543622954199,0,6467.47
154,2,0,1,986.5543622954199,0,7068.42
154,3,0,1,986.5543622954199,0,6658.32
154,4,0,1,986.5543622954199,0,6944.9
154,5,0,1,986.5543622954199,0,6908.98
154,6,1,1,986.5543622954199,0,7641.59
154,7,1,1,986.5543622954199,0,7676.07
154,8,1,1,986.5543622954199,0,7993.16
154,9,1,1,986.5543622954199,0,8191.37
154,10,1,1,986.5543622954199,0,7983.81
154,11,1,1,986.5543622954199,0,8067.78
155,0,0,1,1441.9824783949707,1,8763.21
155,1,0,1,1441.9824783949707,1,8463.79
155,2,0,1,1441.9824783949707,1,8880.28
155,3,0,1,1441.9824783949707,1,8937.81
155,4,0,1,1441.9824783949707,1,9370.35
155,5,0,1,1441.9824783949707,1,8754.81
155,6,1,1,1441.9824783949707,1,9626.77
155,7,1,1,1441.9824783949707,1,9936.72
155,8,1,1,1441.9824783949707,1,9987.75
155,9,1,1,1441.9824783949707,1,9729.83
155,10,1,1,1441.9824783949707,1,9798.86
155,11,1,1,1441.9824783949707,1,10046.6
156,0,0,1,1032.5686303682214,1,7309.12
156,1,0,1,1032.5686303682214,1,7440.87
156,2,0,1,1032.5686303682214,1,7590.9
156,3,0,1,1032.5686303682214,1,7830.3
156,4,0,1,1032.5686303682214,1,7518.18
156,5,0,1,1032.5686303682214,1,7285.87
156,6,1,1,1032.5686303682214,1,8159.54
156,7,1,1,1032.5686303682214,1,8344.12
156,8,1,1,1032.5686303682214,1,8372.3
156,9,1,1,1032.5686303682214,1,8667.18
156,10,1,1,1032.5686303682214,1,8479.64
156,11,1,1,1032.5686303682214,1,8626.59
157,0,0,1,1245.6848777557643,0,7317.62
157,1,0,1,1245.6848777557643,0,7431.01
157,2,0,1,1245.6848777557643,0,7858.87
157,3,0,1,1245.6848777557643,0,7753.55
157,4,0,1,1245.6848777557643,0,7651.47
157,5,0,1,1245.6848777557643,0,7586.49
157,6,1,1,1245.6848777557643,0,8482.61
157,7,1,1,1245.6848777557643,0,8690.02
157,8,1,1,1245.6848777557643,0,8786.43
157,9,1,1,1245.6848777557643,0,8498.24
157,10,1,1,1245.6848777557643,0,8745.94
157,11,1,1,1245.6848777557643,0,8330.96
158,0,0,1,875.1761003652119,0,6497.07
158,1,0,1,875.1761003652119,0,6658.17
158,2,0,1,875.1761003652119,0,6468.88
158,3,0,1,875.1761003652119,0,6970.13
158,4,0,1,875.1761003652119,0,6416.62
158,5,0,1,875.1761003652119,0,6698.33
158,6,1,1,875.1761003652119,0,7532.61
158,7,1,1,875.1761003652119,0,7558.43
158,8,1,1,875.1761003652119,0,7595.34
158,9,1,1,875.1761003652119,0,7684.06
158,10,1,1,875.1761003652119,0,7887.04
158,11,1,1,875.1761003652119,0,8043.6
159,0,0,0,703.7640583957439,0,5970.04
159,1,0,0,703.7640583957439,0,6189.91
159,2,0,0,703.7640583957439,0,5896.15
159,3,0,0,703.7640583957439,0,6259.05
159,4,0,0,703.7640583957439,0,5962.9
159,5,0,0,703.7640583957439,0,6410.48
159,6,1,0,703.7640583957439,0,6696.88
159,7,1,0,703.7640583957439,0,6223.68
159,8,1,0,703.7640583957439,0,5808.18
159,9,1,0,703.7640583957439,0,6209.96
159,10,1,0,703.7640583957439,0,6641.55
159,11,1,0,703.7640583957439,0,6532.22
160,0,0,0,758.720809441907,1,6779.18
160,1,0,0,758.720809441907,1,6986.33
160,2,0,0,758.720809441907,1,6911.0
160,3,0,0,758.720809441907,1,7112.32
160,4,0,0,758.720809441907,1,7086.69
160,5,0,0,758.720809441907,1,7259.19
160,6,1,0,758.720809441907,1,7043.35
160,7,1,0,758.720809441907,1,7203.58
160,8,1,0,758.720809441907,1,6976.85
160,9,1,0,758.720809441907,1,6952.1
160,10,1,0,758.720809441907,1,7499.91
160,11,1,0,758.720809441907,1,7211.98
161,0,0,1,818.6934838660617,0,6469.42
161,1,0,1,818.6934838660617,0,6359.56
161,2,0,1,818.6934838660617,0,6243.31
161,3,0,1,818.6934838660617,0,6414.76
161,4,0,1,818.6934838660617,0,6768.26
161,5,0,1,818.6934838660617,0,6614.49
161,6,1,1,818.6934838660617,0,7005.82
161,7,1,1,818.6934838660617,0,7374.99
161,8,1,1,818.6934838660617,0,7854.45
161,9,1,1,818.6934838660617,0,7455.31
161,10,1,1,818.6934838660617,0,7146.24
161,11,1,1,818.6934838660617,0,7998.81
162,0,0,1,1532.1174331087911,1,9040.06
162,1,0,1,1532.1174331087911,1,8914.53
162,2,0,1,1532.1174331087911,1,8888.22
162,3,0,1,1532.1174331087911,1,9248.05
162,4,0,1,1532.1174331087911,1,8930.69
162,5,0,1,1532.1174331087911,1,9342.55
162,6,1,1,1532.1174331087911,1,10099.21
162,7,1,1,1532.1174331087911,1,10073.76
162,8,1,1,1532.1174331087911,1,10091.94
162,9,1,1,1532.1174331087911,1,10061.44
162,10,1,1,1532.1174331087911,1,10369.97
162,11,1,1,1532.1174331087911,1,9989.55
163,0,0,1,794.6533301939035,1,6468.21
163,1,0,1,794.6533301939035,1,7000.21
163,2,0,1,794.6533301939035,1,7043.9
163,3,0,1,794.6533301939035,1,7050.68
163,4,0,1,794.6533301939035,1,7074.73
163,5,0,1,794.6533301939035,1,6954.51
163,6,1,1,794.6533301939035,1,8088.28
163,7,1,1,794.6533301939035,1,7945.01
163,8,1,1,794.6533301939035,1,7887.86
163,9,1,1,794.6533301939035,1,7966.41
163,10,1,1,794.6533301939035,1,8519.57
163,11,1,1,794.6533301939035,1,7733.33
164,0,0,1,1209.6223009340863,0,7496.9
164,1,0,1,1209.6223009340863,0,7057.54
164,2,0,1,1209.6223009340863,0,7443.13
164,3,0,1,1209.6223009340863,0,7411.54
164,4,0,1,1209.6223009340863,0,7088.24
164,5,0,1,1209.6223009340863,0,7672.53
164,6,1,1,1209.6223009340863,0,8393.33
164,7,1,1,1209.6223009340863,0,8055.12
164,8,1,1,1209.6223009340863,0,8741.65
164,9,1,1,1209.6223009340863,0,8912.64
164,10,1,1,1209.6223009340863,0,8964.77
164,11,1,1,1209.6223009340863,0,8755.91
165,0,0,1,774.2682054782434,1,6778.08
165,1,0,1,774.2682054782434,1,7100.15
165,2,0,1,774.2682054782434,1,7218.08
165,3,0,1,774.2682054782434,1,7137.34
165,4,0,1,774.2682054782434,1,6720.81
165,5,0,1,774.2682054782434,1,7012.25
165,6,1,1,774.2682054782434,1,7954.64
165,7,1,1,774.2682054782434,1,7499.84
165,8,1,1,774.2682054782434,1,8041.21
165,9,1,1,774.2682054782434,1,8478.01
165,10,1,1,774.2682054782434,1,8158.74
165,11,1,1,774.2682054782434,1,8382.1
166,0,0,1,1232.893253218561,1,8092.34
166,1,0,1,1232.893253218561,1,8075.99
166,2,0,1,1232.893253218561,1,8215.98
166,3,0,1,1232.893253218561,1,7992.62
166,4,0,1,1232.893253218561,1,8000.07
166,5,0,1,1232.893253218561,1,8530.69
166,6,1,1,1232.893253218561,1,9444.02
166,7,1,1,1232.893253218561,1,8964.06
166,8,1,1,1232.893253218561,1,9435.06
166,9,1,1,1232.893253218561,1,9242.97
166,10,1,1,1232.893253218561,1,9376.86
166,11,1,1,1232.893253218561,1,9443.35
167,0,0,0,1096.2377415264657,0,7288.22
167,1,0,0,1096.2377415264657,0,7127.66
167,2,0,0,1096.2377415264657,0,7459.7
167,3,0,0,1096.2377415264657,0,7257.54
167,4,0,0,1096.2377415264657,0,7366.79
167,5,0,0,1096.2377415264657,0,7086.15
167,6,1,0,1096.2377415264657,0,7784.37
167,7,1,0,1096.2377415264657,0,7452.83
167,8,1,0,1096.2377415264657,0,7546.33
167,9,1,0,1096.2377415264657,0,7075.66
167,10,1,0,1096.2377415264657,0,7288.47
167,11,1,0,1096.2377415264657,0,7781.8
168,0,0,0,960.8405255854774,0,6753.47
168,1,0,0,960.8405255854774,0,6309.32
168,2,0,0,960.8405255854774,0,6998.78
168,3,0,0,960.8405255854774,0,6690.72
168,4,0,0,960.8405255854774,0,7160.84
168,5,0,0,960.8405255854774,0,6871.03
168,6,1,0,960.8405255854774,0,6975.39
168,7,1,0,960.8405255854774,0,7229.72
168,8,1,0,960.8405255854774,0,6812.91
168,9,1,0,960.8405255854774,0,6831.93
168,10,1,0,960.8405255854774,0,7047.12
168,11,1,0,960.8405255854774,0,7312.33
169,0,0,1,989.8093684661414,0,6478.67
169,1,0,1,989.8093684661414,0,6444.5
169,2,0,1,989.8093684661414,0,7032.68
169,3,0,1,989.8093684661414,0,6758.81
169,4,0,1,989.8093684661414,0,6845.18
169,5,0,1,989.8093684661414,0,6562.97
169,6,1,1,989.8093684661414,0,7712.09
169,7,1,1,989.8093684661414,0,7899.8
169,8,1,1,989.8093684661414,0,8146.15
169,9,1,1,989.8093684661414,0,7811.8
169,10,1,1,989.8093684661414,0,8386.09
169,11,1,1,989.8093684661414,0,7910.86
170,0,0,1,836.3030761426523,0,6191.37
170,1,0,1,836.3030761426523,0,6719.87
170,2,0,1,836.3030761426523,0,6468.17
170,3,0,1,836.3030761426523,0,6340.2
170,4,0,1,836.3030761426523,0,6467.52
170,5,0,1,836.3030761426523,0,6839.32
170,6,1,1,836.3030761426523,0,7754.21
170,7,1,1,836.3030761426523,0,7291.95
170,8,1,1,836.3030761426523,0,7502.31
170,9,1,1,836.3030761426523,0,7571.48
170,10,1,1,836.3030761426523,0,7374.68
170,11,1,1,836.3030761426523,0,7619.4
171,0,0,1,1111.51805037052,0,7113.42
171,1,0,1,1111.51805037052,0,7403.1
171,2,0,1,1111.51805037052,0,7457.88
171,3,0,1,1111.51805037052,0,7159.82
171,4,0,1,1111.51805037052,0,7225.18
171,5,0,1,1111.51805037052,0,7458.39
171,6,1,1,1111.51805037052,0,8073.51
171,7,1,1,1111.51805037052,0,8371.75
171,8,1,1,1111.51805037052,0,8262.91
171,9,1,1,1111.51805037052,0,8108.98
171,10,1,1,1111.51805037052,0,8151.75
171,11,1,1,1111.51805037052,0,8720.6
172,0,0,0,886.2541299148049,1,7047.1
172,1,0,0,886.2541299148049,1,7482.39
172,2,0,0,886.2541299148049,1,7048.51
172,3,0,0,886.2541299148049,1,7265.58
172,4,0,0,886.2541299148049,1,7767.9
172,5,0,0,886.2541299148049,1,7048.89
172,6,1,0,886.2541299148049,1,6903.99
172,7,1,0,886.2541299148049,1,7644.56
172,8,1,0,886.2541299148049,1,7219.61
172,9,1,0,886.2541299148049,1,7436.96
172,10,1,0,886.2541299148049,1,7352.61
172,11,1,0,886.2541299148049,1,7580.51
173,0,0,0,693.5985590581879,0,5732.96
173,1,0,0,693.5985590581879,0,5942.49
173,2,0,0,693.5985590581879,0,6121.04
173,3,0,0,693.5985590581879,0,5840.25
173,4,0,0,693.5985590581879,0,5948.06
173,5,0,0,693.5985590581879,0,6065.65
173,6,1,0,693.5985590581879,0,5867.74
173,7,1,0,693.5985590581879,0,6129.11
173,8,1,0,693.5985590581879,0,6288.21
173,9,1,0,693.5985590581879,0,6214.18
173,10,1,0,693.5985590581879,0,6282.37
173,11,1,0,693.5985590581879,0,6377.7
174,0,0,1,680.5156064200952,0,5761.18
174,1,0,1,680.5156064200952,0,6097.48
174,2,0,1,680.5156064200952,0,6301.36
174,3,0,1,680.5156064200952,0,5923.28
174,4,0,1,680.5156064200952,0,6172.19
174,5,0,1,680.5156064200952,0,6052.73
174,6,1,1,680.5156064200952,0,7075.85
174,7,1,1,680.5156064200952,0,7379.92
174,8,1,1,680.5156064200952,0,7187.35
174,9,1,1,680.5156064200952,0,6725.29
174,10,1,1,680.5156064200952,0,7255.32
174,11,1,1,680.5156064200952,0,7466.67
175,0,0,1,1043.1469794305299,1,7472.06
175,1,0,1,1043.1469794305299,1,7779.85
175,2,0,1,1043.1469794305299,1,7448.99
175,3,0,1,1043.1469794305299,1,7313.99
175,4,0,1,1043.1469794305299,1,7711.87
175,5,0,1,1043.1469794305299,1,7334.39
175,6,1,1,1043.1469794305299,1,8558.06
175,7,1,1,1043.1469794305299,1,8933.92
175,8,1,1,1043.1469794305299,1,8270.66
175,9,1,1,1043.1469794305299,1,8449.32
175,10,1,1,1043.1469794305299,1,8543.76
175,11,1,1,1043.1469794305299,1,8796.88
176,0,0,1,1394.7728141026087,1,8424.91
176,1,0,1,1394.7728141026087,1,8853.17
176,2,0,1,1394.7728141026087,1,8795.32
176,3,0,1,1394.7728141026087,1,8734.32
176,4,0,1,1394.7728141026087,1,8697.4
176,5,0,1,1394.7728141026087,1,8791.87
176,6,1,1,1394.7728141026087,1,9405.73
176,7,1,1,1394.7728141026087,1,9823.95
176,8,1,1,1394.7728141026087,1,9430.71
176,9,1,1,1394.7728141026087,1,9899.15
176,10,1,1,1394.7728141026087,1,10016.32
176,11,1,1,1394.7728141026087,1,9841.75
177,0,0,1,1039.9979033933596,1,7473.23
177,1,0,1,1039.9979033933596,1,7640.06
177,2,0,1,1039.9979033933596,1,6962.46
177,3,0,1,1039.9979033933596,1,7698.49
177,4,0,1,1039.9979033933596,1,7647.06
177,5,0,1,1039.9979033933596,1,7700.86
177,6,1,1,1039.9979033933596,1,8757.43
177,7,1,1,1039.9979033933596,1,8625.54
177,8,1,1,1039.9979033933596,1,8431.15
177,9,1,1,1039.9979033933596,1,8690.89
177,10,1,1,1039.9979033933596,1,8776.86
177,11,1,1,1039.9979033933596,1,8827.28
178,0,0,1,970.3404184725293,1,7352.58
178,1,0,1,970.3404184725293,1,7585.61
178,2,0,1,970.3404184725293,1,7158.03
178,3,0,1,970.3404184725293,1,7475.61
178,4,0,1,970.3404184725293,1,7760.74
178,5,0,1,970.3404184725293,1,7135.34
178,6,1,1,970.3404184725293,1,8446.48
178,7,1,1,970.3404184725293,1,8318.17
178,8,1,1,970.3404184725293,1,8405.4
178,9,1,1,970.3404184725293,1,8327.9
178,10,1,1,970.3404184725293,1,8529.65
178,11,1,1,970.3404184725293,1,9012.03
179,0,0,1,1071.4565349006357,0,6721.9
179,1,0,1,1071.4565349006357,0,6782.76
179,2,0,1,1071.4565349006357,0,6793.65
179,3,0,1,1071.4565349006357,0,7500.11
179,4,0,1,1071.4565349006357,0,7058.36
179,5,0,1,1071.4565349006357,0,7194.44
179,6,1,1,1071.4565349006357,0,8001.47
179,7,1,1,1071.4565349006357,0,7922.31
179,8,1,1,1071.4565349006357,0,8118.35
179,9,1,1,1071.4565349006357,0,8750.89
179,10,1,1,1071.4565349006357,0,8556.33
179,11,1,1,1071.4565349006357,0,8102.43
180,0,0,0,1326.5004354267062,0,7856.67
180,1,0,0,1326.5004354267062,0,7571.27
180,2,0,0,1326.5004354267062,0,7403.4
180,3,0,0,1326.5004354267062,0,8058.49
180,4,0,0,1326.5004354267062,0,8129.42
180,5,0,0,1326.5004354267062,0,8144.33
180,6,1,0,1326.5004354267062,0,7850.83
180,7,1,0,1326.5004354267062,0,7957.51
180,8,1,0,1326.5004354267062,0,8199.15
180,9,1,0,1326.5004354267062,0,8160.33
180,10,1,0,1326.5004354267062,0,8027.6
180,11,1,0,1326.5004354267062,0,7798.01
181,0,0,1,1054.845625340964,1,7578.62
181,1,0,1,1054.845625340964,1,7830.95
181,2,0,1,1054.845625340964,1,7370.1
181,3,0,1,1054.845625340964,1,7814.09
181,4,0,1,1054.845625340964,1,7786.51
181,5,0,1,1054.845625340964,1,7918.6
181,6,1,1,1054.845625340964,1,8835.4
181,7,1,1,1054.845625340964,1,8530.79
181,8,1,1,1054.845625340964,1,8367.84
181,9,1,1,1054.845625340964,1,8646.19
181,10,1,1,1054.845625340964,1,8999.18
181,11,1,1,1054.845625340964,1,8724.33
182,0,0,1,897.2681922915657,1,6959.66
182,1,0,1,897.2681922915657,1,6751.65
182,2,0,1,897.2681922915657,1,7577.93
182,3,0,1,897.2681922915657,1,7414.01
182,4,0,1,897.2681922915657,1,7441.73
182,5,0,1,897.2681922915657,1,7525.25
182,6,1,1,897.2681922915657,1,8329.23
182,7,1,1,897.2681922915657,1,8188.6
182,8,1,1,897.2681922915657,1,8246.32
182,9,1,1,897.2681922915657,1,8228.29
182,10,1,1,897.2681922915657,1,8941.99
182,11,1,1,897.2681922915657,1,8524.65
183,0,0,1,1276.5721775149723,1,8072.37
183,1,0,1,1276.5721775149723,1,8316.81
183,2,0,1,1276.5721775149723,1,8032.01
183,3,0,1,1276.5721775149723,1,8625.39
183,4,0,1,1276.5721775149723,1,8188.97
183,5,0,1,1276.5721775149723,1,8484.64
183,6,1,1,1276.5721775149723,1,9498.92
183,7,1,1,1276.5721775149723,1,9389.05
183,8,1,1,1276.5721775149723,1,9365.19
183,9,1,1,1276.5721775149723,1,9386.78
183,10,1,1,1276.5721775149723,1,9411.99
183,11,1,1,1276.5721775149723,1,9337.53
184,0,0,1,1107.1891096154034,0,7001.24
184,1,0,1,1107.1891096154034,0,7465.64
184,2,0,1,1107.1891096154034,0,7156.25
184,3,0,1,1107.1891096154034,0,7047.25
184,4,0,1,1107.1891096154034,0,7146.54
184,5,0,1,1107.1891096154034,0,7542.21
184,6,1,1,1107.1891096154034,0,8338.76
184,7,1,1,1107.1891096154034,0,8353.4
184,8,1,1,1107.1891096154034,0,8213.47
184,9,1,1,1107.1891096154034,0,8436.27
184,10,1,1,1107.1891096154034,0,8208.55
184,11,1,1,1107.1891096154034,0,8333.01
185,0,0,1,1383.938997998998,1,8688.39
185,1,0,1,1383.938997998998,1,8707.37
185,2,0,1,1383.938997998998,1,8339.01
185,3,0,1,1383.938997998998,1,8406.81
185,4,0,1,1383.938997998998,1,8658.94
185,5,0,1,1383.938997998998,1,9054.78
185,6,1,1,1383.938997998998,1,9143.6
185,7,1,1,1383.938997998998,1,9666.26
185,8,1,1,1383.938997998998,1,9342.3
185,9,1,1,1383.938997998998,1,9545.48
185,10,1,1,1383.938997998998,1,9644.85
185,11,1,1,1383.938997998998,1,9672.52
186,0,0,0,1045.8086093054765,1,7410.83
186,1,0,0,1045.8086093054765,1,7569.85
186,2,0,0,1045.8086093054765,1,7490.51
186,3,0,0,1045.8086093054765,1,7326.52
186,4,0,0,1045.8086093054765,1,7859.84
186,5,0,0,1045.8086093054765,1,7893.9
186,6,1,0,1045.8086093054765,1,7953.76
186,7,1,0,1045.8086093054765,1,7469.3
186,8,1,0,1045.8086093054765,1,7914.03
186,9,1,0,1045.8086093054765,1,8036.98
186,10,1,0,1045.8086093054765,1,7701.4
186,11,1,0,1045.8086093054765,1,7970.28
187,0,0,0,693.8827420698749,0,5917.29
187,1,0,0,693.8827420698749,0,6388.14
187,2,0,0,693.8827420698749,0,6446.26
187,3,0,0,693.8827420698749,0,5696.71
187,4,0,0,693.8827420698749,0,6651.54
187,5,0,0,693.8827420698749,0,5941.52
187,6,1,0,693.8827420698749,0,6398.62
187,7,1,0,693.8827420698749,0,6436.38
187,8,1,0,693.8827420698749,0,6043.82
187,9,1,0,693.8827420698749,0,6411.39
187,10,1,0,693.8827420698749,0,6319.21
187,11,1,0,693.8827420698749,0,6504.82
188,0,0,1,657.9602001885837,1,6493.04
188,1,0,1,657.9602001885837,1,6745.48
188,2,0,1,657.9602001885837,1,6538.88
188,3,0,1,657.9602001885837,1,6525.36
188,4,0,1,657.9602001885837,1,6843.42
188,5,0,1,657.9602001885837,1,6769.98
188,6,1,1,657.9602001885837,1,7693.29
188,7,1,1,657.9602001885837,1,7426.08
188,8,1,1,657.9602001885837,1,7382.33
188,9,1,1,657.9602001885837,1,7527.39
188,10,1,1,657.9602001885837,1,7555.71
188,11,1,1,657.9602001885837,1,7905.25
189,0,0,1,1412.7319830578124,1,8770.37
189,1,0,1,1412.7319830578124,1,8561.52
189,2,0,1,1412.7319830578124,1,8950.45
189,3,0,1,1412.7319830578124,1,8976.71
189,4,0,1,1412.7319830578124,1,8769.2
189,5,0,1,1412.7319830578124,1,8574.83
189,6,1,1,1412.7319830578124,1,9992.23
189,7,1,1,1412.7319830578124,1,9672.23
189,8,1,1,1412.7319830578124,1,9753.41
189,9,1,1,1412.7319830578124,1,9690.94
189,10,1,1,1412.7319830578124,1,9609.9
189,11,1,1,1412.7319830578124,1,9522.55
190,0,0,1,1430.9164301958242,0,8145.8
190,1,0,1,1430.9164301958242,0,7874.22
190,2,0,1,1430.9164301958242,0,8759.66
190,3,0,1,1430.9164301958242,0,7887.63
190,4,0,1,1430.9164301958242,0,7889.94
190,5,0,1,1430.9164301958242,0,8318.8
190,6,1,1,1430.9164301958242,0,9433.01
190,7,1,1,1430.9164301958242,0,9150.78
190,8,1,1,1430.9164301958242,0,9302.46
190,9,1,1,1430.9164301958242,0,8810.99
190,10,1,1,1430.9164301958242,0,9107.51
190,11,1,1,1430.9164301958242,0,9060.37
191,0,0,0,955.1201966793499,0,6257.43
191,1,0,0,955.1201966793499,0,6740.07
191,2,0,0,955.1201966793499,0,6260.91
191,3,0,0,955.1201966793499,0,6503.45
191,4,0,0,955.1201966793499,0,6716.15
191,5,0,0,955.1201966793499,0,6691.45
191,6,1,0,955.1201966793499,0,7001.55
191,7,1,0,955.1201966793499,0,7021.56
191,8,1,0,955.1201966793499,0,7190.97
191,9,1,0,955.1201966793499,0,7199.86
191,10,1,0,955.1201966793499,0,7325.32
191,11,1,0,955.1201966793499,0,7113.91
192,0,0,1,904.203169716003,1,7198.53
192,1,0,1,904.203169716003,1,7284.3
192,2,0,1,904.203169716003,1,7242.93
192,3,0,1,904.203169716003,1,7164.39
192,4,0,1,904.203169716003,1,7218.63
192,5,0,1,904.203169716003,1,7151.91
192,6,1,1,904.203169716003,1,8314.52
192,7,1,1,904.203169716003,1,8241.09
192,8,1,1,904.203169716003,1,8155.87
192,9,1,1,904.203169716003,1,8196.08
192,10,1,1,904.203169716003,1,8115.48
192,11,1,1,904.203169716003,1,8637.11
193,0,0,1,1365.3610730605506,0,7840.31
193,1,0,1,1365.3610730605506,0,7673.2
193,2,0,1,1365.3610730605506,0,8080.89
193,3,0,1,1365.3610730605506,0,7819.71
193,4,0,1,1365.3610730605506,0,7673.58
193,5,0,1,1365.3610730605506,0,8247.68
193,6,1,1,1365.3610730605506,0,8794.85
193,7,1,1,1365.3610730605506,0,8863.05
193,8,1,1,1365.3610730605506,0,9002.07
193,9,1,1,1365.3610730605506,0,9284.38
193,10,1,1,1365.3610730605506,0,9077.42
193,11,1,1,1365.3610730605506,0,8849.21
194,0,0,1,723.238579489128,0,6144.72
194,1,0,1,723.238579489128,0,5958.37
194,2,0,1,723.238579489128,0,6520.41
194,3,0,1,723.238579489128,0,6144.82
194,4,0,1,723.238579489128,0,5693.36
194,5,0,1,723.238579489128,0,6303.69
194,6,1,1,723.238579489128,0,7542.88
194,7,1,1,723.238579489128,0,7501.77
194,8,1,1,723.238579489128,0,7597.88
194,9,1,1,723.238579489128,0,7010.72
194,10,1,1,723.238579489128,0,7475.74
194,11,1,1,723.238579489128,0,7156.23
195,0,0,0,776.3182452610433,0,6223.03
195,1,0,0,776.3182452610433,0,5933.64
195,2,0,0,776.3182452610433,0,6111.91
195,3,0,0,776.3182452610433,0,6144.92
195,4,0,0,776.3182452610433,0,6531.37
195,5,0,0,776.3182452610433,0,6549.85
195,6,1,0,776.3182452610433,0,6474.59
195,7,1,0,776.3182452610433,0,6156.6
195,8,1,0,776.3182452610433,0,6425.13
195,9,1,0,776.3182452610433,0,6369.55
195,10,1,0,776.3182452610433,0,6765.02
195,11,1,0,776.3182452610433,0,6872.89
196,0,0,1,1160.8316986722612,0,7482.73
196,1,0,1,1160.8316986722612,0,7124.18
196,2,0,1,1160.8316986722612,0,6727.63
196,3,0,1,1160.8316986722612,0,6981.6
196,4,0,1,1160.8316986722612,0,7723.09
196,5,0,1,1160.8316986722612,0,7362.05
196,6,1,1,1160.8316986722612,0,8175.17
196,7,1,1,1160.8316986722612,0,8741.71
196,8,1,1,1160.8316986722612,0,8698.66
196,9,1,1,1160.8316986722612,0,8465.71
196,10,1,1,1160.8316986722612,0,8435.78
196,11,1,1,1160.8316986722612,0,8511.27
197,0,0,0,901.3487192851026,1,7173.75
197,1,0,0,901.3487192851026,1,7515.79
197,2,0,0,901.3487192851026,1,7296.72
197,3,0,0,901.3487192851026,1,7403.5
197,4,0,0,901.3487192851026,1,7541.02
197,5,0,0,901.3487192851026,1,7066.45
197,6,1,0,901.3487192851026,1,7529.85
197,7,1,0,901.3487192851026,1,7338.97
197,8,1,0,901.3487192851026,1,6890.24
197,9,1,0,901.3487192851026,1,7015.58
197,10,1,0,901.3487192851026,1,7299.79
197,11,1,0,901.3487192851026,1,7680.65
198,0,0,0,998.7195333199821,1,7421.45
198,1,0,0,998.7195333199821,1,7476.98
198,2,0,0,998.7195333199821,1,7905.62
198,3,0,0,998.7195333199821,1,7237.21
198,4,0,0,998.7195333199821,1,7550.38
198,5,0,0,998.7195333199821,1,7663.39
198,6,1,0,998.7195333199821,1,7474.43
198,7,1,0,998.7195333199821,1,7682.65
198,8,1,0,998.7195333199821,1,7364.43
198,9,1,0,998.7195333199821,1,8066.59
198,10,1,0,998.7195333199821,1,7646.46
198,11,1,0,998.7195333199821,1,8283.32
199,0,0,1,959.1392753688718,0,6678.45
199,1,0,1,959.1392753688718,0,6951.76
199,2,0,1,959.1392753688718,0,6753.86
199,3,0,1,959.1392753688718,0,6798.83
199,4,0,1,959.1392753688718,0,6717.1
199,5,0,1,959.1392753688718,0,6911.8
199,6,1,1,959.1392753688718,0,7845.55
199,7,1,1,959.1392753688718,0,7643.05
199,8,1,1,959.1392753688718,0,7828.08
199,9,1,1,959.1392753688718,0,7761.37
199,10,1,1,959.1392753688718,0,8441.52
199,11,1,1,959.1392753688718,0,7955.85
